fund,ticker,company,previous_reported_date,current_reported_date,previous_shares,current_shares,raw_shares_delta,previous_weight,current_weight,weight_delta,estimated_creation_redemption_factor,flow_factor_confidence,flow_factor_sample_size,flow_adjusted_manager_delta,flow_adjusted_direction
ARKK,RKLB UQ,ROCKET LAB,2026-10-01,2026-10-02,1465249,1806821,341572,1.25,1.41,0.15999999999999992,0.11252474600186724,0.8809523809523809,42,176695.22844551015,Buy Estimate
ARKK,VCYT,VERACYTE INC,2026-10-01,2026-10-02,1666407,2013243,346836,0.94,0.99,0.050000000000000044,0.11252474600186724,0.8809523809523809,42,159323.9755892665,Buy Estimate
ARKK,BWXT,BWX TECHNOLOGIES INC,2026-10-01,2026-10-02,437420,586157,148737,0.74,0.89,0.15000000000000002,0.11252474600186724,0.8809523809523809,42,99516.42560386326,Buy Estimate
ARKK,ARKY,ARK ACTIVE AUTOCALL INC ETF,2026-10-01,2026-10-02,1470005,1652286,182281,0.37,0.38,0.010000000000000009,0.11252474600186724,0.8809523809523809,42,16869.060753525235,Buy Estimate
ARKK,RXRX,RECURSION PHARMACEUTICALS-A,2026-10-01,2026-10-02,23715619,26385173,2669554,1.2,1.19,-0.010000000000000009,0.11252474600186724,0.8809523809523809,42,959.9957479424775,Flow/Noise
ARKK,ACHR,ARCHER AVIATION INC-A,2026-10-01,2026-10-02,17138381,19067571,1929190,1.04,1.07,0.030000000000000027,0.11252474600186724,0.8809523809523809,42,698.0310917720199,Flow/Noise
ARKK,PACB,PACIFIC BIOSCIENCES OF CALIF,2026-10-01,2026-10-02,14998710,16687086,1688376,0.44,0.47,0.02999999999999997,0.11252474600186724,0.8809523809523809,42,649.9668943341821,Flow/Noise
ARKK,CERS,CERUS CORP,2026-10-01,2026-10-02,10639647,11837331,1197684,0.31,0.31,0.0,0.11252474600186724,0.8809523809523809,42,460.4237754717469,Flow/Noise
ARKK,XE,X-ENERGY INC,2026-10-01,2026-10-02,5380251,5985891,605640,0.94,0.93,-0.009999999999999898,0.11252474600186724,0.8809523809523809,42,228.6227987073362,Flow/Noise
ARKK,CRSP,CRISPR THERAPEUTICS AG,2026-10-01,2026-10-02,6568594,7307928,739334,4.46,4.5,0.040000000000000036,0.11252474600186724,0.8809523809523809,42,204.62856061104685,Flow/Noise
ARKK,BEAM,BEAM THERAPEUTICS INC,2026-10-01,2026-10-02,7575673,8428307,852634,2.27,2.28,0.009999999999999787,0.11252474600186724,0.8809523809523809,42,183.31988179683685,Flow/Noise
ARKK,BMNR,BITMINE IMMERSION TECHNOLOGI,2026-10-01,2026-10-02,6104371,6791381,687010,1.98,2.02,0.040000000000000036,0.11252474600186724,0.8809523809523809,42,117.20372383575886,Flow/Noise
ARKK,BLSH,BULLISH,2026-10-01,2026-10-02,4725946,5257838,531892,2.02,2.03,0.009999999999999787,0.11252474600186724,0.8809523809523809,42,106.1267314599827,Flow/Noise
ARKK,TEM,TEMPUS AI INC-CL A,2026-10-01,2026-10-02,5881278,6543156,661878,5.91,5.56,-0.35000000000000053,0.11252474600186724,0.8809523809523809,42,88.68688363023102,Flow/Noise
ARKK,TXG,10X GENOMICS INC-CLASS A,2026-10-01,2026-10-02,3148101,3502421,354320,3.49,3.45,-0.040000000000000036,0.11252474600186724,0.8809523809523809,42,80.73458677576855,Flow/Noise
ARKK,COIN,COINBASE GLOBAL INC -CLASS A,2026-10-01,2026-10-02,1927048,2143966,216918,4.41,4.51,0.09999999999999964,0.11252474600186724,0.8809523809523809,42,77.41326659359038,Flow/Noise
ARKK,SPCX,SPACE EXPLORATION TECHN-CL A,2026-10-01,2026-10-02,3344137,3720499,376362,6.19,6.12,-0.07000000000000028,0.11252474600186724,0.8809523809523809,42,63.833479553926736,Flow/Noise
ARKK,SOFI,SOFI TECHNOLOGIES INC,2026-10-01,2026-10-02,2611991,2905953,293962,0.5,0.51,0.010000000000000009,0.11252474600186724,0.8809523809523809,42,48.37616583658382,Flow/Noise
ARKK,CRCL,CIRCLE INTERNET GROUP INC,2026-10-01,2026-10-02,4539835,5050715,510880,4.58,4.65,0.07000000000000028,0.11252474600186724,0.8809523809523809,42,36.219734612852335,Flow/Noise
ARKK,SHOP,SHOPIFY INC - CLASS A,2026-10-01,2026-10-02,1781112,1981550,200438,3.24,3.28,0.03999999999999959,0.11252474600186724,0.8809523809523809,42,18.82459912216291,Flow/Noise
ARKK,WGS,GENEDX HOLDINGS CORP,2026-10-01,2026-10-02,1116678,1242338,125660,0.99,0.98,-0.010000000000000009,0.11252474600186724,0.8809523809523809,42,6.091684126993641,Flow/Noise
ARKK,CRWV,COREWEAVE INC-CL A,2026-10-01,2026-10-02,2630728,2926750,296022,2.81,2.88,0.06999999999999984,0.11252474600186724,0.8809523809523809,42,0.0,Flow/Noise
ARKK,NET,CLOUDFLARE INC - CLASS A,2026-10-01,2026-10-02,325983,362651,36668,1.39,1.41,0.020000000000000018,0.11252474600186724,0.8809523809523809,42,-13.154275926703122,Flow/Noise
ARKK,TSM,TAIWAN SEMICONDUCTOR-SP ADR,2026-10-01,2026-10-02,181482,201876,20394,1.02,1.03,0.010000000000000009,0.11252474600186724,0.8809523809523809,42,-27.215953910868848,Flow/Noise
ARKK,TSLA,TESLA INC,2026-10-01,2026-10-02,2087330,2322170,234840,9.08,9.13,0.05000000000000071,0.11252474600186724,0.8809523809523809,42,-36.2780720773153,Flow/Noise
ARKK,HOOD,ROBINHOOD MARKETS INC - A,2026-10-01,2026-10-02,2801315,3116495,315180,3.87,3.85,-0.020000000000000018,0.11252474600186724,0.8809523809523809,42,-37.25884622056037,Flow/Noise
ARKK,XYZ,BLOCK INC,2026-10-01,2026-10-02,2393095,2662337,269242,2.16,2.19,0.029999999999999805,0.11252474600186724,0.8809523809523809,42,-40.40703333867714,Flow/Noise
ARKK,AMD,ADVANCED MICRO DEVICES,2026-10-01,2026-10-02,282335,314059,31724,2.12,2.15,0.029999999999999805,0.11252474600186724,0.8809523809523809,42,-45.674162437208,Flow/Noise
ARKK,AMZN,AMAZON.COM INC,2026-10-01,2026-10-02,729062,811050,81988,2.23,2.24,0.010000000000000231,0.11252474600186724,0.8809523809523809,42,-49.51636961335316,Flow/Noise
ARKK,AVGO,BROADCOM INC,2026-10-01,2026-10-02,432526,481142,48616,1.86,1.84,-0.020000000000000018,0.11252474600186724,0.8809523809523809,42,-53.87828920362517,Flow/Noise
ARKK,PLTR,PALANTIR TECHNOLOGIES INC-A,2026-10-01,2026-10-02,1172415,1304255,131840,2.69,2.75,0.06000000000000005,0.11252474600186724,0.8809523809523809,42,-85.70008377917111,Flow/Noise
ARKK,TWST,TWIST BIOSCIENCE CORP,2026-10-01,2026-10-02,1847954,2055808,207854,4.38,4.29,-0.08999999999999986,0.11252474600186724,0.8809523809523809,42,-86.5544731344562,Flow/Noise
ARKK,KTOS,KRATOS DEFENSE & SECURITY,2026-10-01,2026-10-02,1626495,1809423,182928,0.85,0.86,0.010000000000000009,0.11252474600186724,0.8809523809523809,42,-92.93674830696546,Flow/Noise
ARKK,NVDA,NVIDIA CORP,2026-10-01,2026-10-02,1077302,1198430,121128,3.02,3.07,0.04999999999999982,0.11252474600186724,0.8809523809523809,42,-95.13391730352305,Flow/Noise
ARKK,GOOG,ALPHABET INC-CL C,2026-10-01,2026-10-02,343244,381766,38522,1.43,1.42,-0.010000000000000009,0.11252474600186724,0.8809523809523809,42,-101.44391666492447,Flow/Noise
ARKK,ILMN,ILLUMINA INC,2026-10-01,2026-10-02,392692,436776,44084,1.32,1.29,-0.030000000000000027,0.11252474600186724,0.8809523809523809,42,-103.56755696522305,Flow/Noise
ARKK,CBRS,CEREBRAS SYSTEMS INC - A,2026-10-01,2026-10-02,1044553,1161973,117420,2.28,2.19,-0.08999999999999986,0.11252474600186724,0.8809523809523809,42,-118.0610104885418,Flow/Noise
ARKK,LLY,ELI LILLY & CO,2026-10-01,2026-10-02,33222,36930,3708,0.47,0.47,0.0,0.11252474600186724,0.8809523809523809,42,-30.29711167403002,Sell Estimate
ARKK,META,META PLATFORMS INC-CLASS A,2026-10-01,2026-10-02,255613,284247,28634,2.27,2.29,0.020000000000000018,0.11252474600186724,0.8809523809523809,42,-128.78789977531414,Sell Estimate
ARKK,NTRA,NATERA INC,2026-10-01,2026-10-02,242857,270049,27192,1.23,1.23,0.0,0.11252474600186724,0.8809523809523809,42,-135.42223977547837,Sell Estimate
ARKK,TER,TERADYNE INC,2026-10-01,2026-10-02,200785,223239,22454,0.99,1.03,0.040000000000000036,0.11252474600186724,0.8809523809523809,42,-139.28112598491134,Sell Estimate
ARKK,NTLA,INTELLIA THERAPEUTICS INC,2026-10-01,2026-10-02,10368179,10690129,321950,1.53,1.44,-0.09000000000000008,0.11252474600186724,0.8809523809523809,42,-844726.7084768936,Sell Estimate
ARKQ,RKLB UQ,ROCKET LAB,2026-10-01,2026-10-02,1147514,1188314,40800,4.23,4.42,0.1899999999999995,0.0,0.9444444444444444,36,40800.0,Buy Estimate
ARKQ,GOOGL,ALPHABET INC-CL A,2026-10-01,2026-10-02,101,0,-101,0.0,0.0,0.0,0.0,0.9444444444444444,36,-101.0,Closed Position
ARKQ,ACHR,ARCHER AVIATION INC-A,2026-10-01,2026-10-02,8899782,8899782,0,2.34,2.36,0.020000000000000018,0.0,0.9444444444444444,36,0.0,Flow/Noise
ARKQ,AMD,ADVANCED MICRO DEVICES,2026-10-01,2026-10-02,132082,132082,0,4.27,4.29,0.020000000000000462,0.0,0.9444444444444444,36,0.0,Flow/Noise
ARKQ,AMZN,AMAZON.COM INC,2026-10-01,2026-10-02,263297,263297,0,3.47,3.45,-0.020000000000000018,0.0,0.9444444444444444,36,0.0,Flow/Noise
ARKQ,AUR,AURORA INNOVATION INC,2026-10-01,2026-10-02,5057343,5057343,0,1.48,1.47,-0.010000000000000009,0.0,0.9444444444444444,36,0.0,Flow/Noise
ARKQ,AVAV,AEROVIRONMENT INC,2026-10-01,2026-10-02,340978,340978,0,2.56,2.53,-0.03000000000000025,0.0,0.9444444444444444,36,0.0,Flow/Noise
ARKQ,AVGO,BROADCOM INC,2026-10-01,2026-10-02,120816,120816,0,2.24,2.19,-0.050000000000000266,0.0,0.9444444444444444,36,0.0,Flow/Noise
ARKQ,BIDU,BAIDU INC - SPON ADR,2026-10-01,2026-10-02,184393,184393,0,0.85,0.83,-0.020000000000000018,0.0,0.9444444444444444,36,0.0,Flow/Noise
ARKQ,BWXT,BWX TECHNOLOGIES INC,2026-10-01,2026-10-02,201488,201488,0,1.46,1.46,0.0,0.0,0.9444444444444444,36,0.0,Flow/Noise
ARKQ,BYDDY,BYD CO LTD-UNSPONSORED ADR,2026-10-01,2026-10-02,1607970,1607970,0,0.82,0.82,0.0,0.0,0.9444444444444444,36,0.0,Flow/Noise
ARKQ,CAT,CATERPILLAR INC,2026-10-01,2026-10-02,32029,32029,0,1.37,1.4,0.029999999999999805,0.0,0.9444444444444444,36,0.0,Flow/Noise
ARKQ,CCJ,CAMECO CORP,2026-10-01,2026-10-02,317105,317105,0,1.45,1.43,-0.020000000000000018,0.0,0.9444444444444444,36,0.0,Flow/Noise
ARKQ,DASH,DOORDASH INC - A,2026-10-01,2026-10-02,148148,148148,0,1.44,1.42,-0.020000000000000018,0.0,0.9444444444444444,36,0.0,Flow/Noise
ARKQ,DE,DEERE & CO,2026-10-01,2026-10-02,82274,82274,0,2.92,2.9,-0.020000000000000018,0.0,0.9444444444444444,36,0.0,Flow/Noise
ARKQ,ESLT,ELBIT SYSTEMS LTD,2026-10-01,2026-10-02,29278,29278,0,1.06,1.08,0.020000000000000018,0.0,0.9444444444444444,36,0.0,Flow/Noise
ARKQ,GOOG,ALPHABET INC-CL C,2026-10-01,2026-10-02,259067,259067,0,4.67,4.58,-0.08999999999999986,0.0,0.9444444444444444,36,0.0,Flow/Noise
ARKQ,ISRG,INTUITIVE SURGICAL INC,2026-10-01,2026-10-02,65706,65706,0,1.41,1.39,-0.020000000000000018,0.0,0.9444444444444444,36,0.0,Flow/Noise
ARKQ,JOBY,JOBY AVIATION INC,2026-10-01,2026-10-02,3236198,3236198,0,1.04,1.02,-0.020000000000000018,0.0,0.9444444444444444,36,0.0,Flow/Noise
ARKQ,KDK,KODIAK AI INC,2026-10-01,2026-10-02,3831980,3831980,0,0.39,0.34,-0.04999999999999999,0.0,0.9444444444444444,36,0.0,Flow/Noise
ARKQ,KMTUY,KOMATSU LTD -SPONS ADR,2026-10-01,2026-10-02,780871,780871,0,1.98,1.96,-0.020000000000000018,0.0,0.9444444444444444,36,0.0,Flow/Noise
ARKQ,KTOS,KRATOS DEFENSE & SECURITY,2026-10-01,2026-10-02,2234788,2234788,0,5.05,5.05,0.0,0.0,0.9444444444444444,36,0.0,Flow/Noise
ARKQ,LHX,L3HARRIS TECHNOLOGIES INC,2026-10-01,2026-10-02,215623,215623,0,2.7,2.71,0.009999999999999787,0.0,0.9444444444444444,36,0.0,Flow/Noise
ARKQ,LUNR,INTUITIVE MACHINES INC,2026-10-01,2026-10-02,2324652,2324652,0,1.75,1.72,-0.030000000000000027,0.0,0.9444444444444444,36,0.0,Flow/Noise
ARKQ,NVDA,NVIDIA CORP,2026-10-01,2026-10-02,489640,489640,0,5.91,5.97,0.05999999999999961,0.0,0.9444444444444444,36,0.0,Flow/Noise
ARKQ,OKLO,OKLO INC,2026-10-01,2026-10-02,442808,442808,0,0.87,0.84,-0.030000000000000027,0.0,0.9444444444444444,36,0.0,Flow/Noise
ARKQ,PONY,PONY AI INC,2026-10-01,2026-10-02,2787835,2787835,0,0.96,0.92,-0.039999999999999925,0.0,0.9444444444444444,36,0.0,Flow/Noise
ARKQ,SNPS,SYNOPSYS INC,2026-10-01,2026-10-02,42709,42709,0,0.98,1.11,0.13000000000000012,0.0,0.9444444444444444,36,0.0,Flow/Noise
ARKQ,SPCX,SPACE EXPLORATION TECHN-CL A,2026-10-01,2026-10-02,1058962,1058962,0,8.45,8.28,-0.16999999999999993,0.0,0.9444444444444444,36,0.0,Flow/Noise
ARKQ,SYM UQ,SYMBOTIC INC,2026-10-01,2026-10-02,641008,641008,0,1.43,1.46,0.030000000000000027,0.0,0.9444444444444444,36,0.0,Flow/Noise
ARKQ,TER,TERADYNE INC,2026-10-01,2026-10-02,323927,323927,0,6.87,7.11,0.2400000000000002,0.0,0.9444444444444444,36,0.0,Flow/Noise
ARKQ,TRMB,TRIMBLE INC,2026-10-01,2026-10-02,666380,666380,0,2.01,2.02,0.010000000000000231,0.0,0.9444444444444444,36,0.0,Flow/Noise
ARKQ,TSLA,TESLA INC,2026-10-01,2026-10-02,562147,562147,0,10.55,10.51,-0.040000000000000924,0.0,0.9444444444444444,36,0.0,Flow/Noise
ARKQ,TSM,TAIWAN SEMICONDUCTOR-SP ADR,2026-10-01,2026-10-02,160379,160379,0,3.87,3.89,0.020000000000000018,0.0,0.9444444444444444,36,0.0,Flow/Noise
ARKQ,WRD,WERIDE INC-ADR,2026-10-01,2026-10-02,3565844,3565844,0,1.0,0.98,-0.020000000000000018,0.0,0.9444444444444444,36,0.0,Flow/Noise
ARKQ,XE,X-ENERGY INC,2026-10-01,2026-10-02,1478887,1478887,0,1.11,1.09,-0.020000000000000018,0.0,0.9444444444444444,36,0.0,Flow/Noise
ARKQ,PLTR,PALANTIR TECHNOLOGIES INC-A,2026-10-01,2026-10-02,494581,479611,-14970,4.89,4.81,-0.08000000000000007,0.0,0.9444444444444444,36,-14970.0,Sell Estimate
ARKW,ABNB,AIRBNB INC-CLASS A,2026-10-01,2026-10-02,100833,100833,0,0.79,0.79,0.0,0.0,1.0,38,0.0,Flow/Noise
ARKW,AMD,ADVANCED MICRO DEVICES,2026-10-01,2026-10-02,103756,103756,0,3.11,3.12,0.010000000000000231,0.0,1.0,38,0.0,Flow/Noise
ARKW,AMZN,AMAZON.COM INC,2026-10-01,2026-10-02,297198,297198,0,3.62,3.6,-0.020000000000000018,0.0,1.0,38,0.0,Flow/Noise
ARKW,AVGO,BROADCOM INC,2026-10-01,2026-10-02,150901,150901,0,2.59,2.53,-0.06000000000000005,0.0,1.0,38,0.0,Flow/Noise
ARKW,BLSH,BULLISH,2026-10-01,2026-10-02,942019,942019,0,1.61,1.6,-0.010000000000000009,0.0,1.0,38,0.0,Flow/Noise
ARKW,BMNR,BITMINE IMMERSION TECHNOLOGI,2026-10-01,2026-10-02,1642675,1642675,0,2.13,2.14,0.010000000000000231,0.0,1.0,38,0.0,Flow/Noise
ARKW,CBRS,CEREBRAS SYSTEMS INC - A,2026-10-01,2026-10-02,263715,263715,0,2.29,2.18,-0.10999999999999988,0.0,1.0,38,0.0,Flow/Noise
ARKW,COIN,COINBASE GLOBAL INC -CLASS A,2026-10-01,2026-10-02,420503,420503,0,3.84,3.88,0.040000000000000036,0.0,1.0,38,0.0,Flow/Noise
ARKW,CRCL,CIRCLE INTERNET GROUP INC,2026-10-01,2026-10-02,1036284,1036284,0,4.17,4.19,0.020000000000000462,0.0,1.0,38,0.0,Flow/Noise
ARKW,CRWD,CROWDSTRIKE HOLDINGS INC - A,2026-10-01,2026-10-02,174988,174988,0,2.27,2.27,0.0,0.0,1.0,38,0.0,Flow/Noise
ARKW,CRWV,COREWEAVE INC-CL A,2026-10-01,2026-10-02,927766,927766,0,3.96,4.01,0.04999999999999982,0.0,1.0,38,0.0,Flow/Noise
ARKW,DASH,DOORDASH INC - A,2026-10-01,2026-10-02,101856,101856,0,0.92,0.91,-0.010000000000000009,0.0,1.0,38,0.0,Flow/Noise
ARKW,DDOG,DATADOG INC - CLASS A,2026-10-01,2026-10-02,186224,186224,0,2.5,2.51,0.009999999999999787,0.0,1.0,38,0.0,Flow/Noise
ARKW,DKNG UW,DRAFTKINGS INC-CL A,2026-10-01,2026-10-02,678331,678331,0,0.63,0.64,0.010000000000000009,0.0,1.0,38,0.0,Flow/Noise
ARKW,ETHQ/U,3IQ ETHER STAKING ETF,2026-10-01,2026-10-02,846155,846155,0,0.44,0.43,-0.010000000000000009,0.0,1.0,38,0.0,Flow/Noise
ARKW,FIG,FIGMA INC-CL A,2026-10-01,2026-10-02,865827,865827,0,0.89,0.91,0.020000000000000018,0.0,1.0,38,0.0,Flow/Noise
ARKW,GENI,GENIUS SPORTS LTD,2026-10-01,2026-10-02,2624596,2624596,0,0.74,0.73,-0.010000000000000009,0.0,1.0,38,0.0,Flow/Noise
ARKW,GOOG,ALPHABET INC-CL C,2026-10-01,2026-10-02,198736,198736,0,3.31,3.25,-0.06000000000000005,0.0,1.0,38,0.0,Flow/Noise
ARKW,GTLB,GITLAB INC-CL A,2026-10-01,2026-10-02,682385,682385,0,1.58,1.66,0.07999999999999985,0.0,1.0,38,0.0,Flow/Noise
ARKW,HOOD,ROBINHOOD MARKETS INC - A,2026-10-01,2026-10-02,811109,811109,0,4.47,4.4,-0.0699999999999994,0.0,1.0,38,0.0,Flow/Noise
ARKW,MELI,MERCADOLIBRE INC,2026-10-01,2026-10-02,12027,12027,0,1.02,0.99,-0.030000000000000027,0.0,1.0,38,0.0,Flow/Noise
ARKW,META,META PLATFORMS INC-CLASS A,2026-10-01,2026-10-02,119980,119980,0,4.26,4.25,-0.009999999999999787,0.0,1.0,38,0.0,Flow/Noise
ARKW,NET,CLOUDFLARE INC - CLASS A,2026-10-01,2026-10-02,136943,136943,0,2.33,2.34,0.009999999999999787,0.0,1.0,38,0.0,Flow/Noise
ARKW,NFLX,NETFLIX INC,2026-10-01,2026-10-02,289011,289011,0,0.98,0.96,-0.020000000000000018,0.0,1.0,38,0.0,Flow/Noise
ARKW,NVDA,NVIDIA CORP,2026-10-01,2026-10-02,388483,388483,0,4.34,4.37,0.03000000000000025,0.0,1.0,38,0.0,Flow/Noise
ARKW,P,EVERPURE INC-A,2026-10-01,2026-10-02,273507,273507,0,1.75,1.79,0.040000000000000036,0.0,1.0,38,0.0,Flow/Noise
ARKW,PLTR,PALANTIR TECHNOLOGIES INC-A,2026-10-01,2026-10-02,297632,297632,0,2.73,2.76,0.029999999999999805,0.0,1.0,38,0.0,Flow/Noise
ARKW,RBLX,ROBLOX CORP -CLASS A,2026-10-01,2026-10-02,898818,898818,0,1.86,1.89,0.029999999999999805,0.0,1.0,38,0.0,Flow/Noise
ARKW,RBRK,RUBRIK INC-A,2026-10-01,2026-10-02,359606,359606,0,2.02,2.02,0.0,0.0,1.0,38,0.0,Flow/Noise
ARKW,SHOP,SHOPIFY INC - CLASS A,2026-10-01,2026-10-02,561282,561282,0,4.07,4.08,0.009999999999999787,0.0,1.0,38,0.0,Flow/Noise
ARKW,SNOW,SNOWFLAKE INC,2026-10-01,2026-10-02,59447,59447,0,0.99,0.99,0.0,0.0,1.0,38,0.0,Flow/Noise
ARKW,SOLQ/U,3IQ SOLANA STAKING ETF,2026-10-01,2026-10-02,538130,538130,0,0.25,0.25,0.0,0.0,1.0,38,0.0,Flow/Noise
ARKW,SPCX,SPACE EXPLORATION TECHN-CL A,2026-10-01,2026-10-02,609736,609736,0,4.5,4.4,-0.09999999999999964,0.0,1.0,38,0.0,Flow/Noise
ARKW,SPOT,SPOTIFY TECHNOLOGY SA,2026-10-01,2026-10-02,44835,44835,0,1.07,1.07,0.0,0.0,1.0,38,0.0,Flow/Noise
ARKW,TOST,TOAST INC-CLASS A,2026-10-01,2026-10-02,775490,775490,0,1.1,1.11,0.010000000000000009,0.0,1.0,38,0.0,Flow/Noise
ARKW,TSLA,TESLA INC,2026-10-01,2026-10-02,418823,418823,0,7.27,7.23,-0.03999999999999915,0.0,1.0,38,0.0,Flow/Noise
ARKW,TSM,TAIWAN SEMICONDUCTOR-SP ADR,2026-10-01,2026-10-02,101281,101281,0,2.26,2.27,0.010000000000000231,0.0,1.0,38,0.0,Flow/Noise
ARKW,XYZ,BLOCK INC,2026-10-01,2026-10-02,926987,926987,0,3.34,3.35,0.010000000000000231,0.0,1.0,38,0.0,Flow/Noise
ARKG,NTLA,INTELLIA THERAPEUTICS INC,2026-10-01,2026-10-02,2781291,2880302,99011,1.49,1.57,0.08000000000000007,0.0036141759861714196,0.96875,32,88958.92485724529,Buy Estimate
ARKG,ABSI,ABSCI CORP,2026-10-01,2026-10-02,10581097,10619341,38244,5.06,5.15,0.09000000000000075,0.0036141759861714196,0.96875,32,2.0533152502030134,Flow/Noise
ARKG,RXRX,RECURSION PHARMACEUTICALS-A,2026-10-01,2026-10-02,14027607,14078307,50700,2.57,2.58,0.010000000000000231,0.0036141759861714196,0.96875,32,1.7596371490508318,Flow/Noise
ARKG,PSNL,PERSONALIS INC,2026-10-01,2026-10-02,6754621,6779035,24414,4.88,4.94,0.0600000000000005,0.0036141759861714196,0.96875,32,1.610986110754311,Flow/Noise
ARKG,PACB,PACIFIC BIOSCIENCES OF CALIF,2026-10-01,2026-10-02,10933219,10972735,39516,1.15,1.24,0.09000000000000008,0.0036141759861714196,0.96875,32,1.4224386475980282,Flow/Noise
ARKG,PRME,PRIME MEDICINE INC,2026-10-01,2026-10-02,7727615,7755545,27930,1.05,1.05,0.0,0.0036141759861714196,0.96875,32,1.0394366215914488,Flow/Noise
ARKG,CERS,CERUS CORP,2026-10-01,2026-10-02,7687798,7715584,27786,0.81,0.81,0.0,0.0036141759861714196,0.96875,32,0.9450818635523319,Flow/Noise
ARKG,TEM,TEMPUS AI INC-CL A,2026-10-01,2026-10-02,2456823,2465703,8880,8.93,8.51,-0.41999999999999993,0.0036141759861714196,0.96875,32,0.6093111261725426,Flow/Noise
ARKG,MASS,908 DEVICES INC,2026-10-01,2026-10-02,1959635,1966718,7083,1.07,1.11,0.040000000000000036,0.0036141759861714196,0.96875,32,0.5342413389589638,Flow/Noise
ARKG,CRSP,CRISPR THERAPEUTICS AG,2026-10-01,2026-10-02,2133972,2141685,7713,5.24,5.36,0.1200000000000001,0.0036141759861714196,0.96875,32,0.4496424379758537,Flow/Noise
ARKG,TXG,10X GENOMICS INC-CLASS A,2026-10-01,2026-10-02,2498429,2507459,9030,10.02,10.04,0.019999999999999574,0.0036141759861714196,0.96875,32,0.2379050455056131,Flow/Noise
ARKG,CDNA,CAREDX INC,2026-10-01,2026-10-02,1504845,1510284,5439,4.34,4.51,0.16999999999999993,0.0036141759861714196,0.96875,32,0.2253380899783224,Flow/Noise
ARKG,FRNM,FREENOME INC,2026-10-01,2026-10-02,742035,744717,2682,0.52,0.53,0.010000000000000009,0.0036141759861714196,0.96875,32,0.1549221012974158,Flow/Noise
ARKG,ALMR,ALAMAR BIOSCIENCES INC,2026-10-01,2026-10-02,984456,988014,3558,1.49,1.45,-0.040000000000000036,0.0036141759861714196,0.96875,32,0.00276535761076957,Flow/Noise
ARKG,CMPS,COMPASS PATHWAYS PLC,2026-10-01,2026-10-02,4591088,4607681,16593,2.53,2.48,-0.04999999999999982,0.0036141759861714196,0.96875,32,0.0,Flow/Noise
ARKG,ADPT,ADAPTIVE BIOTECHNOLOGIES,2026-10-01,2026-10-02,1825333,1831930,6597,2.34,2.26,-0.08000000000000007,0.0036141759861714196,0.96875,32,-0.0746953662019223,Flow/Noise
ARKG,QSI,QUANTUM-SI INC,2026-10-01,2026-10-02,6953474,6978605,25131,0.33,0.45,0.12,0.0036141759861714196,0.96875,32,-0.0787512669339776,Flow/Noise
ARKG,BEAM,BEAM THERAPEUTICS INC,2026-10-01,2026-10-02,2696956,2706703,9747,2.93,2.98,0.04999999999999982,0.0036141759861714196,0.96875,32,-0.27361096115782857,Flow/Noise
ARKG,NRIX,NURIX THERAPEUTICS INC,2026-10-01,2026-10-02,1729986,1736238,6252,1.82,1.83,0.010000000000000009,0.0036141759861714196,0.96875,32,-0.47385761281475425,Flow/Noise
ARKG,SDGR,SCHRODINGER INC,2026-10-01,2026-10-02,2245494,2253609,8115,3.09,3.1,0.010000000000000231,0.0036141759861714196,0.96875,32,-0.6104918918572366,Flow/Noise
ARKG,BFLY,BUTTERFLY NETWORK INC,2026-10-01,2026-10-02,4906762,4924495,17733,1.95,1.89,-0.06000000000000005,0.0036141759861714196,0.96875,32,-0.9013902582228184,Flow/Noise
ARKG,ARCT UQ,ARCTURUS THERAPEUTICS HOLDIN,2026-10-01,2026-10-02,2819231,2829419,10188,1.71,1.69,-0.020000000000000018,0.0036141759861714196,0.96875,32,-1.196979669854045,Flow/Noise
ARKG,TWST,TWIST BIOSCIENCE CORP,2026-10-01,2026-10-02,1201502,1205843,4341,10.3,10.23,-0.07000000000000028,0.0036141759861714196,0.96875,32,-1.4396757369395345,Flow/Noise
ARKG,NTRA,NATERA INC,2026-10-01,2026-10-02,246976,247867,891,4.53,4.57,0.040000000000000036,0.0036141759861714196,0.96875,32,-1.6147283606696874,Flow/Noise
ARKG,VCYT,VERACYTE INC,2026-10-01,2026-10-02,1056291,1060107,3816,2.16,2.11,-0.050000000000000266,0.0036141759861714196,0.96875,32,-1.6215666090138257,Flow/Noise
ARKG,IONS,IONIS PHARMACEUTICALS INC,2026-10-01,2026-10-02,872018,875168,3150,1.73,1.74,0.010000000000000009,0.0036141759861714196,0.96875,32,-1.6265151092084125,Flow/Noise
ARKG,LLY,ELI LILLY & CO,2026-10-01,2026-10-02,65296,65530,234,3.35,3.4,0.04999999999999982,0.0036141759861714196,0.96875,32,-1.9912351930470322,Flow/Noise
ARKG,GENB,GENERATE BIOMEDICINES INC,2026-10-01,2026-10-02,1571881,1577560,5679,1.05,0.98,-0.07000000000000006,0.0036141759861714196,0.96875,32,-2.0545633190777153,Flow/Noise
ARKG,ILMN,ILLUMINA INC,2026-10-01,2026-10-02,370036,371371,1335,4.49,4.45,-0.040000000000000036,0.0036141759861714196,0.96875,32,-2.3752252189442515,Flow/Noise
ARKG,GH,GUARDANT HEALTH INC,2026-10-01,2026-10-02,582585,584688,2103,4.61,4.61,0.0,0.0036141759861714196,0.96875,32,-2.564716903725639,Flow/Noise
ARKG,WGS,GENEDX HOLDINGS CORP,2026-10-01,2026-10-02,515373,517233,1860,1.65,1.66,0.010000000000000009,0.0036141759861714196,0.96875,32,-2.648720521130599,Flow/Noise
ARKG,SCTX,SCRIBE THERAPEUTICS INC,2026-10-01,2026-10-02,743657,746342,2685,0.61,0.58,-0.030000000000000027,0.0036141759861714196,0.96875,32,-2.70727134833578,Flow/Noise
ARKF,ABNB,AIRBNB INC-CLASS A,2026-10-01,2026-10-02,118156,118156,0,2.18,2.16,-0.020000000000000018,0.0,1.0,35,0.0,Flow/Noise
ARKF,ADYEN,ADYEN NV,2026-10-01,2026-10-02,15574,15574,0,1.78,1.71,-0.07000000000000006,0.0,1.0,35,0.0,Flow/Noise
ARKF,AMD,ADVANCED MICRO DEVICES,2026-10-01,2026-10-02,28592,28592,0,2.01,2.0,-0.009999999999999787,0.0,1.0,35,0.0,Flow/Noise
ARKF,AMZN,AMAZON.COM INC,2026-10-01,2026-10-02,127752,127752,0,3.66,3.61,-0.050000000000000266,0.0,1.0,35,0.0,Flow/Noise
ARKF,BABA,ALIBABA GROUP HOLDING-SP ADR,2026-10-01,2026-10-02,4691,4691,0,0.06,0.06,0.0,0.0,1.0,35,0.0,Flow/Noise
ARKF,BLSH,BULLISH,2026-10-01,2026-10-02,813435,813435,0,3.26,3.22,-0.03999999999999959,0.0,1.0,35,0.0,Flow/Noise
ARKF,BMNR,BITMINE IMMERSION TECHNOLOGI,2026-10-01,2026-10-02,801026,801026,0,2.44,2.44,0.0,0.0,1.0,35,0.0,Flow/Noise
ARKF,CNTN,CANTON STRATEGIC HOLDINGS IN,2026-10-01,2026-10-02,425387,425387,0,0.12,0.11,-0.009999999999999995,0.0,1.0,35,0.0,Flow/Noise
ARKF,COIN,COINBASE GLOBAL INC -CLASS A,2026-10-01,2026-10-02,279434,279434,0,5.99,6.02,0.02999999999999936,0.0,1.0,35,0.0,Flow/Noise
ARKF,CRCL,CIRCLE INTERNET GROUP INC,2026-10-01,2026-10-02,647364,647364,0,6.12,6.11,-0.009999999999999787,0.0,1.0,35,0.0,Flow/Noise
ARKF,CRWD,CROWDSTRIKE HOLDINGS INC - A,2026-10-01,2026-10-02,77289,77289,0,2.35,2.34,-0.010000000000000231,0.0,1.0,35,0.0,Flow/Noise
ARKF,DASH,DOORDASH INC - A,2026-10-01,2026-10-02,61601,61601,0,1.3,1.28,-0.020000000000000018,0.0,1.0,35,0.0,Flow/Noise
ARKF,DKNG UW,DRAFTKINGS INC-CL A,2026-10-01,2026-10-02,555178,555178,0,1.21,1.22,0.010000000000000009,0.0,1.0,35,0.0,Flow/Noise
ARKF,ETHQ/U,3IQ ETHER STAKING ETF,2026-10-01,2026-10-02,542504,542504,0,0.66,0.65,-0.010000000000000009,0.0,1.0,35,0.0,Flow/Noise
ARKF,ETOR,ETORO GROUP LTD-A,2026-10-01,2026-10-02,270315,270315,0,0.8,0.79,-0.010000000000000009,0.0,1.0,35,0.0,Flow/Noise
ARKF,FUTU,FUTU HOLDINGS LTD-ADR,2026-10-01,2026-10-02,117127,117127,0,1.49,1.42,-0.07000000000000006,0.0,1.0,35,0.0,Flow/Noise
ARKF,HOOD,ROBINHOOD MARKETS INC - A,2026-10-01,2026-10-02,433692,433692,0,5.61,5.49,-0.1200000000000001,0.0,1.0,35,0.0,Flow/Noise
ARKF,KLAR,KLARNA GROUP PLC,2026-10-01,2026-10-02,747121,747121,0,1.06,1.06,0.0,0.0,1.0,35,0.0,Flow/Noise
ARKF,KSPI,JSC KASPI.KZ ADR,2026-10-01,2026-10-02,43559,43559,0,0.47,0.46,-0.009999999999999953,0.0,1.0,35,0.0,Flow/Noise
ARKF,MELI,MERCADOLIBRE INC,2026-10-01,2026-10-02,14148,14148,0,2.81,2.71,-0.10000000000000009,0.0,1.0,35,0.0,Flow/Noise
ARKF,META,META PLATFORMS INC-CLASS A,2026-10-01,2026-10-02,54114,54114,0,4.51,4.47,-0.040000000000000036,0.0,1.0,35,0.0,Flow/Noise
ARKF,NET,CLOUDFLARE INC - CLASS A,2026-10-01,2026-10-02,33222,33222,0,1.33,1.33,0.0,0.0,1.0,35,0.0,Flow/Noise
ARKF,NU UN,NU HOLDINGS LTD/CAYMAN ISL-A,2026-10-01,2026-10-02,1180206,1180206,0,1.72,1.79,0.07000000000000006,0.0,1.0,35,0.0,Flow/Noise
ARKF,NVDA,NVIDIA CORP,2026-10-01,2026-10-02,122143,122143,0,3.21,3.21,0.0,0.0,1.0,35,0.0,Flow/Noise
ARKF,PAYP,PAYPAY CORP,2026-10-01,2026-10-02,256991,256991,0,0.46,0.44,-0.020000000000000018,0.0,1.0,35,0.0,Flow/Noise
ARKF,PLTR,PALANTIR TECHNOLOGIES INC-A,2026-10-01,2026-10-02,209861,209861,0,4.51,4.54,0.03000000000000025,0.0,1.0,35,0.0,Flow/Noise
ARKF,RBLX,ROBLOX CORP -CLASS A,2026-10-01,2026-10-02,349233,349233,0,1.7,1.71,0.010000000000000009,0.0,1.0,35,0.0,Flow/Noise
ARKF,SE,SEA LTD-ADR,2026-10-01,2026-10-02,166168,166168,0,1.86,1.8,-0.06000000000000005,0.0,1.0,35,0.0,Flow/Noise
ARKF,SECZ,SECURITIZE CORP,2026-10-01,2026-10-02,1286812,1286812,0,2.16,2.01,-0.15000000000000036,0.0,1.0,35,0.0,Flow/Noise
ARKF,SHOP,SHOPIFY INC - CLASS A,2026-10-01,2026-10-02,460367,460367,0,7.85,7.81,-0.040000000000000036,0.0,1.0,35,0.0,Flow/Noise
ARKF,SOFI,SOFI TECHNOLOGIES INC,2026-10-01,2026-10-02,1240321,1240321,0,2.24,2.24,0.0,0.0,1.0,35,0.0,Flow/Noise
ARKF,SOLQ/U,3IQ SOLANA STAKING ETF,2026-10-01,2026-10-02,452231,452231,0,0.5,0.49,-0.010000000000000009,0.0,1.0,35,0.0,Flow/Noise
ARKF,SPOT,SPOTIFY TECHNOLOGY SA,2026-10-01,2026-10-02,28876,28876,0,1.62,1.62,0.0,0.0,1.0,35,0.0,Flow/Noise
ARKF,TOST,TOAST INC-CLASS A,2026-10-01,2026-10-02,1214135,1214135,0,4.05,4.04,-0.009999999999999787,0.0,1.0,35,0.0,Flow/Noise
ARKF,XYZ,BLOCK INC,2026-10-01,2026-10-02,898399,898399,0,7.6,7.57,-0.02999999999999936,0.0,1.0,35,0.0,Flow/Noise
ARKF,Z,ZILLOW GROUP INC - C,2026-10-01,2026-10-02,960,200,-760,0.0,0.0,0.0,0.0,1.0,35,-760.0,Sell Estimate
ARKX,RKLB UQ,ROCKET LAB,2026-10-01,2026-10-02,620012,635922,15910,5.86,6.07,0.20999999999999996,0.0,0.9393939393939394,33,15910.0,Buy Estimate
ARKX,2618,JD LOGISTICS INC,2026-10-01,2026-10-02,5616558,5616558,0,0.98,0.98,0.0,0.0,0.9393939393939394,33,0.0,Flow/Noise
ARKX,6301,KOMATSU LTD,2026-10-01,2026-10-02,513125,513125,0,3.38,3.34,-0.040000000000000036,0.0,0.9393939393939394,33,0.0,Flow/Noise
ARKX,ACHR,ARCHER AVIATION INC-A,2026-10-01,2026-10-02,4752267,4752267,0,3.2,3.24,0.040000000000000036,0.0,0.9393939393939394,33,0.0,Flow/Noise
ARKX,AIR,AIRBUS SE,2026-10-01,2026-10-02,30872,30872,0,0.9,0.87,-0.030000000000000027,0.0,0.9393939393939394,33,0.0,Flow/Noise
ARKX,AMD,ADVANCED MICRO DEVICES,2026-10-01,2026-10-02,54456,54456,0,4.52,4.54,0.020000000000000462,0.0,0.9393939393939394,33,0.0,Flow/Noise
ARKX,AMZN,AMAZON.COM INC,2026-10-01,2026-10-02,132528,132528,0,4.48,4.46,-0.020000000000000462,0.0,0.9393939393939394,33,0.0,Flow/Noise
ARKX,AVAV,AEROVIRONMENT INC,2026-10-01,2026-10-02,238754,238754,0,4.61,4.54,-0.07000000000000028,0.0,0.9393939393939394,33,0.0,Flow/Noise
ARKX,BWXT,BWX TECHNOLOGIES INC,2026-10-01,2026-10-02,77934,77934,0,1.45,1.44,-0.010000000000000009,0.0,0.9393939393939394,33,0.0,Flow/Noise
ARKX,DASH,DOORDASH INC - A,2026-10-01,2026-10-02,71604,71604,0,1.78,1.77,-0.010000000000000009,0.0,0.9393939393939394,33,0.0,Flow/Noise
ARKX,DE,DEERE & CO,2026-10-01,2026-10-02,61448,61448,0,5.6,5.56,-0.040000000000000036,0.0,0.9393939393939394,33,0.0,Flow/Noise
ARKX,ESLT,ELBIT SYSTEMS LTD,2026-10-01,2026-10-02,13588,13588,0,1.26,1.28,0.020000000000000018,0.0,0.9393939393939394,33,0.0,Flow/Noise
ARKX,GOOG,ALPHABET INC-CL C,2026-10-01,2026-10-02,86394,86394,0,3.99,3.92,-0.07000000000000028,0.0,0.9393939393939394,33,0.0,Flow/Noise
ARKX,GRMN UN,GARMIN LTD,2026-10-01,2026-10-02,39048,39048,0,1.52,1.49,-0.030000000000000027,0.0,0.9393939393939394,33,0.0,Flow/Noise
ARKX,HEI,HEICO CORP,2026-10-01,2026-10-02,35863,35863,0,1.48,1.49,0.010000000000000009,0.0,0.9393939393939394,33,0.0,Flow/Noise
ARKX,HO,THALES SA,2026-10-01,2026-10-02,52951,52951,0,1.83,1.82,-0.010000000000000009,0.0,0.9393939393939394,33,0.0,Flow/Noise
ARKX,HONA,HONEYWELL AEROSPACE INC,2026-10-01,2026-10-02,18590,18590,0,0.39,0.39,0.0,0.0,0.9393939393939394,33,0.0,Flow/Noise
ARKX,IRDM,IRIDIUM COMMUNICATIONS INC,2026-10-01,2026-10-02,71922,71922,0,0.47,0.47,0.0,0.0,0.9393939393939394,33,0.0,Flow/Noise
ARKX,JOBY,JOBY AVIATION INC,2026-10-01,2026-10-02,2146731,2146731,0,1.76,1.73,-0.030000000000000027,0.0,0.9393939393939394,33,0.0,Flow/Noise
ARKX,KTOS,KRATOS DEFENSE & SECURITY,2026-10-01,2026-10-02,948297,948297,0,5.49,5.5,0.009999999999999787,0.0,0.9393939393939394,33,0.0,Flow/Noise
ARKX,LHX,L3HARRIS TECHNOLOGIES INC,2026-10-01,2026-10-02,192159,192159,0,6.17,6.21,0.040000000000000036,0.0,0.9393939393939394,33,0.0,Flow/Noise
ARKX,LMT,LOCKHEED MARTIN CORP,2026-10-01,2026-10-02,12511,12511,0,0.86,0.86,0.0,0.0,0.9393939393939394,33,0.0,Flow/Noise
ARKX,LUNR,INTUITIVE MACHINES INC,2026-10-01,2026-10-02,986966,986966,0,1.91,1.88,-0.030000000000000027,0.0,0.9393939393939394,33,0.0,Flow/Noise
ARKX,NVDA,NVIDIA CORP,2026-10-01,2026-10-02,173225,173225,0,5.37,5.42,0.04999999999999982,0.0,0.9393939393939394,33,0.0,Flow/Noise
ARKX,SNPS,SYNOPSYS INC,2026-10-01,2026-10-02,17570,17570,0,1.04,1.17,0.1299999999999999,0.0,0.9393939393939394,33,0.0,Flow/Noise
ARKX,SPCX,SPACE EXPLORATION TECHN-CL A,2026-10-01,2026-10-02,529499,529499,0,10.84,10.62,-0.22000000000000064,0.0,0.9393939393939394,33,0.0,Flow/Noise
ARKX,TDY,TELEDYNE TECHNOLOGIES INC,2026-10-01,2026-10-02,13077,13077,0,1.08,1.09,0.010000000000000009,0.0,0.9393939393939394,33,0.0,Flow/Noise
ARKX,TER,TERADYNE INC,2026-10-01,2026-10-02,76167,76167,0,4.14,4.29,0.15000000000000036,0.0,0.9393939393939394,33,0.0,Flow/Noise
ARKX,TRMB,TRIMBLE INC,2026-10-01,2026-10-02,417728,417728,0,3.24,3.26,0.019999999999999574,0.0,0.9393939393939394,33,0.0,Flow/Noise
ARKX,TSLA,TESLA INC,2026-10-01,2026-10-02,69069,69069,0,3.33,3.31,-0.020000000000000018,0.0,0.9393939393939394,33,0.0,Flow/Noise
ARKX,TSM,TAIWAN SEMICONDUCTOR-SP ADR,2026-10-01,2026-10-02,31627,31627,0,1.96,1.97,0.010000000000000009,0.0,0.9393939393939394,33,0.0,Flow/Noise
ARKX,XE,X-ENERGY INC,2026-10-01,2026-10-02,575124,575124,0,1.11,1.09,-0.020000000000000018,0.0,0.9393939393939394,33,0.0,Flow/Noise
ARKX,PLTR,PALANTIR TECHNOLOGIES INC-A,2026-10-01,2026-10-02,153342,147507,-5835,3.89,3.8,-0.0900000000000003,0.0,0.9393939393939394,33,-5835.0,Sell Estimate
