Date,ETF_Ticker,Stock_Ticker,Company_Name,Action,Shares_Change,Weight_Change
2026-10-05,JEPI,JIMXX,JPMORGAN PRIME MONEY,Buy,240420726.0,0.53
2026-10-05,JEPI,KO,THE COCA-COLA COMPANY,Buy,425133.0,0.08
2026-10-05,JEPI,SCHW,CHARLES SCHWAB CORP/THE,Buy,394653.0,0.08
2026-10-05,JEPI,ABT,ABBOTT LABORATORIES,Buy,307410.0,0.07
2026-10-05,JEPI,BKNG,BOOKING HOLDINGS INC,Buy,239988.0,0.08
2026-10-05,JEPI,SO,THE SOUTHERN COMPANY,Buy,171105.0,0.03
2026-10-05,JEPI,V,VISA INC COMMON STOCK,Buy,133432.0,0.14
2026-10-05,JEPI,PM,PHILIP MORRIS,Buy,133344.0,0.07
2026-10-05,JEPI,EW,EDWARDS LIFESCIENCES,Buy,63150.0,0.01
2026-10-05,JEPI,MU,MICRON TECHNOLOGY INC,Buy,53256.0,0.12
2026-10-05,JEPI,CMI,CUMMINS INC COMMON STOCK,Buy,8431.0,0.0
2026-10-05,JEPI,LIN,LINDE PLC COMMON STOCK,Closed Position,-66673.0,-0.07
2026-10-05,JEPI,HLT,HILTON WORLDWIDE,Sell,-3779.0,0.0
2026-10-05,JEPI,TDG,TRANSDIGM GROUP INC,Sell,-18992.0,-0.04
2026-10-05,JEPI,MCK,MCKESSON CORP COMMON,Sell,-32835.0,-0.06
2026-10-05,JEPI,ACN,ACCENTURE PLC COMMON,Sell,-39824.0,-0.03
2026-10-05,JEPI,MAR,MARRIOTT INTERNATIONAL,Sell,-53158.0,-0.04
2026-10-05,JEPI,CDNS,CADENCE DESIGN SYSTEMS,Sell,-54309.0,-0.04
2026-10-05,JEPI,CB,CHUBB LTD COMMON STOCK,Sell,-57667.0,-0.04
2026-10-05,JEPI,AJG,ARTHUR J GALLAGHER & CO,Sell,-60400.0,-0.03
2026-10-05,JEPI,AXP,AMERICAN EXPRESS CO,Sell,-63021.0,-0.04
2026-10-05,JEPI,HPE,HEWLETT PACKARD,Sell,-66605.0,-0.01
2026-10-05,JEPI,BBY,BEST BUY CO INC COMMON,Sell,-66808.0,-0.01
2026-10-05,JEPI,YUM,YUM BRANDS INC COMMON,Sell,-112145.0,-0.03
2026-10-05,JEPI,TXN,TEXAS INSTRUMENTS INC,Sell,-166074.0,-0.11
2026-10-05,JEPI,C,CITIGROUP INC COMMON,Sell,-245602.0,-0.07
2026-10-05,JEPI,PG,THE PROCTER & GAMBLE,Sell,-263356.0,-0.08
2026-10-05,DFAC,BRSL,BRIGHTSTAR LOTTERY PLC COMMON STOCK USD.1,Closed Position,-98836.0,-0.001108
2026-10-05,DFAC,WVVI,WILLAMETTE VALLEY VINEYARDS COMMON STOCK,Sell,-840.0,-2e-06
2026-10-05,DFAC,BBIO,BRIDGEBIO PHARMA INC COMMON STOCK,Sell,-6781.0,-0.000791
2026-10-05,DFAC,SAN,BANCO SANTANDER SA SPON ADR ADR,Sell,-102818.0,-0.000951
2026-10-05,CGGR,CMQXX,CAPITAL GROUP CENTRAL CASH FUN CAPITAL GROUP CNTRL CSH M,Buy,829425.89,0.29
2026-10-05,AVUV,LYFT,LYFT INC A COMMON STOCK USD.00001,Buy,23268.0,0.01
2026-10-05,AVUV,GPK,GRAPHIC PACKAGING HOLDING CO COMMON STOCK USD.01,Buy,21721.0,0.0
2026-10-05,AVUV,VISN,VISTANCE NETWORKS INC COMMON STOCK,Buy,14231.0,0.0
2026-10-05,AVUV,RIG,TRANSOCEAN LTD COMMON STOCK CHF.1,Buy,13363.0,0.02
2026-10-05,AVUV,KD,KYNDRYL HOLDINGS INC COMMON STOCK USD.01,Buy,12775.0,0.0
2026-10-05,AVUV,DCH,DAUCH CORPORATION COMMON STOCK,Buy,12054.0,0.01
2026-10-05,AVUV,BULL,WEBULL CORP COMMON STOCK USD.0001,Buy,11655.0,0.0
2026-10-05,AVUV,COUR,COURSERA INC COMMON STOCK USD.00001,Buy,11655.0,0.0
2026-10-05,AVUV,PRGO,PERRIGO CO PLC COMMON STOCK EUR.001,Buy,11585.0,0.0
2026-10-05,AVUV,MDXG,MIMEDX GROUP INC COMMON STOCK USD.001,Buy,8757.0,0.0
2026-10-05,AVUV,VFF,VILLAGE FARMS INTERNATIONAL COMMON STOCK,Buy,8141.0,0.0
2026-10-05,AVUV,KOS,KOSMOS ENERGY LTD COMMON STOCK USD.01,Buy,7840.0,0.0
2026-10-05,AVUV,TDOC,TELADOC HEALTH INC COMMON STOCK USD.001,Buy,7042.0,0.01
2026-10-05,AVUV,PTEN,PATTERSON UTI ENERGY INC COMMON STOCK USD.01,Buy,6699.0,0.01
2026-10-05,AVUV,SFM,SPROUTS FARMERS MARKET INC COMMON STOCK USD.001,Buy,6524.0,0.0
2026-10-05,AVUV,HNST,HONEST CO INC/THE COMMON STOCK USD.001,Buy,6503.0,0.0
2026-10-05,AVUV,GO,GROCERY OUTLET HOLDING CORP COMMON STOCK USD.001,Buy,6118.0,-0.01
2026-10-05,AVUV,CRMD,CORMEDIX INC COMMON STOCK USD.001,Buy,5901.0,0.0
2026-10-05,AVUV,AREC,AMERICAN RESOURCES CORP COMMON STOCK USD.0001,Buy,5327.0,0.0
2026-10-05,AVUV,CRGY,CRESCENT ENERGY INC A COMMON STOCK USD.0001,Buy,5054.0,0.0
2026-10-05,AVUV,DXC,DXC TECHNOLOGY CO COMMON STOCK USD.01,Buy,4998.0,0.02
2026-10-05,AVUV,FND,FLOOR + DECOR HOLDINGS INC A COMMON STOCK USD.001,Buy,4886.0,0.0
2026-10-05,AVUV,PGY,PAGAYA TECHNOLOGIES LTD  A COMMON STOCK USD.0001,Buy,4564.0,0.01
2026-10-05,AVUV,EQPT,EQUIPMENTSHARE.COM INC A COMMON STOCK USD.0000013,Buy,4494.0,0.0
2026-10-05,AVUV,TWI,TITAN INTERNATIONAL INC COMMON STOCK,Buy,4081.0,0.0
2026-10-05,AVUV,MAN,MANPOWERGROUP INC COMMON STOCK USD.01,Buy,4053.0,0.0
2026-10-05,AVUV,MNTK,MONTAUK RENEWABLES INC COMMON STOCK USD.01,Buy,4039.0,0.0
2026-10-05,AVUV,TLS,TELOS CORPORATION COMMON STOCK USD.001,Buy,3948.0,0.0
2026-10-05,AVUV,MWA,MUELLER WATER PRODUCTS INC A COMMON STOCK USD.01,Buy,3836.0,0.0
2026-10-05,AVUV,DLO,DLOCAL LTD COMMON STOCK USD.002,Buy,3745.0,0.01
2026-10-05,AVUV,SB,SAFE BULKERS INC COMMON STOCK USD.001,Buy,3724.0,0.0
2026-10-05,AVUV,OMF,ONEMAIN HOLDINGS INC COMMON STOCK USD.01,Buy,3675.0,0.0
2026-10-05,AVUV,UCB,UNITED COMMUNITY BANKS/GA COMMON STOCK USD1.0,Buy,3633.0,0.0
2026-10-05,AVUV,MRX,MAREX GROUP LTD COMMON STOCK,Buy,3619.0,0.0
2026-10-05,AVUV,MGY,MAGNOLIA OIL + GAS CORP   A COMMON STOCK USD.0001,Buy,3577.0,-0.01
2026-10-05,AVUV,INGM,INGRAM MICRO HOLDING CORP COMMON STOCK USD.01,Buy,3535.0,-0.01
2026-10-05,AVUV,MTG,MGIC INVESTMENT CORP COMMON STOCK USD1.0,Buy,3493.0,0.0
2026-10-05,AVUV,M,MACY S INC COMMON STOCK USD.01,Buy,3437.0,-0.01
2026-10-05,AVUV,GT,GOODYEAR TIRE + RUBBER CO COMMON STOCK,Buy,3290.0,-0.01
2026-10-05,AVUV,SFBS,SERVISFIRST BANCSHARES INC COMMON STOCK USD.001,Buy,3283.0,0.0
2026-10-05,AVUV,SHOO,STEVEN MADDEN LTD COMMON STOCK USD.0001,Buy,3192.0,0.0
2026-10-05,AVUV,VFC,VF CORP COMMON STOCK,Buy,3108.0,0.0
2026-10-05,AVUV,FAF,FIRST AMERICAN FINANCIAL COMMON STOCK USD.00001,Buy,3094.0,0.0
2026-10-05,AVUV,RUSHA,RUSH ENTERPRISES INC CL A COMMON STOCK USD.01,Buy,3073.0,0.0
2026-10-05,AVUV,GNTX,GENTEX CORP COMMON STOCK USD.06,Buy,3024.0,-0.01
2026-10-05,AVUV,MATV,MATIV HOLDINGS INC COMMON STOCK USD.1,Buy,3003.0,0.0
2026-10-05,AVUV,ENOV,ENOVIS CORP COMMON STOCK USD.001,Buy,2982.0,0.01
2026-10-05,AVUV,ASH,ASHLAND INC COMMON STOCK,Buy,2884.0,0.0
2026-10-05,AVUV,XZO,EXZEO GROUP INC COMMON STOCK,Buy,2877.0,0.0
2026-10-05,AVUV,TH,TARGET HOSPITALITY CORP COMMON STOCK USD.0001,Buy,2828.0,0.0
2026-10-05,AVUV,PUBM,PUBMATIC INC CLASS A COMMON STOCK USD.0001,Buy,2814.0,0.0
2026-10-05,AVUV,WS,WORTHINGTON STEEL INC COMMON STOCK USD.0001,Buy,2793.0,0.0
2026-10-05,AVUV,FMC,FMC CORP COMMON STOCK USD.1,Buy,2653.0,0.01
2026-10-05,AVUV,SLM,SLM CORP COMMON STOCK USD.2,Buy,2646.0,0.0
2026-10-05,AVUV,CARS,CARS.COM INC COMMON STOCK USD.01,Buy,2639.0,0.0
2026-10-05,AVUV,HOS,HORNBECK OFFSHORE SERVICES I COMMON STOCK,Buy,2625.0,0.0
2026-10-05,AVUV,BLMN,BLOOMIN  BRANDS INC COMMON STOCK USD.01,Buy,2611.0,0.0
2026-10-05,AVUV,WOLF,WOLFSPEED INC COMMON STOCK USD.00125,Buy,2604.0,0.0
2026-10-05,AVUV,MTW,MANITOWOC COMPANY INC COMMON STOCK USD.01,Buy,2597.0,0.01
2026-10-05,AVUV,MUR,MURPHY OIL CORP COMMON STOCK USD1.0,Buy,2597.0,0.01
2026-10-05,AVUV,APAM,ARTISAN PARTNERS ASSET MA  A COMMON STOCK USD.01,Buy,2569.0,0.0
2026-10-05,AVUV,AROC,ARCHROCK INC COMMON STOCK USD.01,Buy,2471.0,0.0
2026-10-05,AVUV,DHT,DHT HOLDINGS INC COMMON STOCK USD.01,Buy,2429.0,0.0
2026-10-05,AVUV,MASS,908 DEVICES INC COMMON STOCK,Buy,2415.0,0.0
2026-10-05,AVUV,LBRT,LIBERTY ENERGY INC COMMON STOCK,Buy,2380.0,0.0
2026-10-05,AVUV,XPER,XPERI INC COMMON STOCK USD.001,Buy,2352.0,0.0
2026-10-05,AVUV,BBT,BEACON FINANCIAL CORP COMMON STOCK USD.01,Buy,2345.0,0.0
2026-10-05,AVUV,CNX,CNX RESOURCES CORP COMMON STOCK USD.01,Buy,2345.0,0.01
2026-10-05,AVUV,PCRX,PACIRA BIOSCIENCES INC COMMON STOCK USD.001,Buy,2317.0,0.0
2026-10-05,AVUV,TDS,TELEPHONE AND DATA SYSTEMS COMMON STOCK USD.01,Buy,2317.0,0.0
2026-10-05,AVUV,SFL,SFL CORP LTD COMMON STOCK USD.01,Buy,2310.0,0.0
2026-10-05,AVUV,FULT,FULTON FINANCIAL CORP COMMON STOCK USD2.5,Buy,2275.0,-0.01
2026-10-05,AVUV,MAGN,MAGNERA CORP COMMON STOCK USD.01,Buy,2254.0,0.0
2026-10-05,AVUV,TALO,TALOS ENERGY INC COMMON STOCK,Buy,2198.0,0.0
2026-10-05,AVUV,FNKO,FUNKO INC CLASS A COMMON STOCK USD.0001,Buy,2191.0,0.0
2026-10-05,AVUV,IMMR,IMMERSION CORPORATION COMMON STOCK USD.001,Buy,2191.0,0.0
2026-10-05,AVUV,BVS,BIOVENTUS INC   A COMMON STOCK USD.001,Buy,2184.0,0.0
2026-10-05,AVUV,BWEN,BROADWIND INC COMMON STOCK USD.001,Buy,2177.0,0.0
2026-10-05,AVUV,TILE,INTERFACE INC COMMON STOCK USD.1,Buy,2156.0,0.0
2026-10-05,AVUV,ASB,ASSOCIATED BANC CORP COMMON STOCK USD.01,Buy,2149.0,0.0
2026-10-05,AVUV,TRN,TRINITY INDUSTRIES INC COMMON STOCK USD.01,Buy,2058.0,0.0
2026-10-05,AVUV,ZGN,ERMENEGILDO ZEGNA NV COMMON STOCK,Buy,2051.0,0.0
2026-10-05,AVUV,FBP,FIRST BANCORP PUERTO RICO COMMON STOCK USD.1,Buy,2037.0,0.0
2026-10-05,AVUV,KELYA,KELLY SERVICES INC  A COMMON STOCK USD1.0,Buy,2023.0,0.0
2026-10-05,AVUV,HRMY,HARMONY BIOSCIENCES HOLDINGS COMMON STOCK USD.00001,Buy,1981.0,0.0
2026-10-05,AVUV,NOG,NORTHERN OIL AND GAS INC COMMON STOCK USD.001,Buy,1932.0,0.01
2026-10-05,AVUV,NX,QUANEX BUILDING PRODUCTS COMMON STOCK USD.01,Buy,1925.0,0.0
2026-10-05,AVUV,AEO,AMERICAN EAGLE OUTFITTERS COMMON STOCK USD.01,Buy,1911.0,0.0
2026-10-05,AVUV,ALIT,ALIGHT INC   CLASS A COMMON STOCK USD.0001,Buy,1897.0,0.0
2026-10-05,AVUV,EVER,EVERQUOTE INC   CLASS A COMMON STOCK USD.001,Buy,1876.0,0.0
2026-10-05,AVUV,ZD,ZIFF DAVIS INC COMMON STOCK USD.01,Buy,1869.0,0.0
2026-10-05,AVUV,ARDT,ARDENT HEALTH INC COMMON STOCK USD.01,Buy,1862.0,0.0
2026-10-05,AVUV,UPWK,UPWORK INC COMMON STOCK USD.0001,Buy,1848.0,0.01
2026-10-05,AVUV,AMPH,AMPHASTAR PHARMACEUTICALS IN COMMON STOCK USD.0001,Buy,1764.0,0.0
2026-10-05,AVUV,UAA,UNDER ARMOUR INC CLASS A COMMON STOCK USD.000333,Buy,1743.0,0.0
2026-10-05,AVUV,EXP,EAGLE MATERIALS INC COMMON STOCK USD.01,Buy,1729.0,0.0
2026-10-05,AVUV,XPRO,EXPRO LTD COMMON STOCK USD.0001,Buy,1715.0,0.0
2026-10-05,AVUV,OEC,ORION SA COMMON STOCK,Buy,1673.0,0.0
2026-10-05,AVUV,QDEL,QUIDELORTHO CORP COMMON STOCK USD.001,Buy,1673.0,0.02
2026-10-05,AVUV,TPC,TUTOR PERINI CORP COMMON STOCK USD1.0,Buy,1645.0,-0.01
2026-10-05,AVUV,CBT,CABOT CORP COMMON STOCK USD1.0,Buy,1617.0,0.0
2026-10-05,AVUV,PBYI,PUMA BIOTECHNOLOGY INC COMMON STOCK USD.0001,Buy,1610.0,0.0
2026-10-05,AVUV,CFFN,CAPITOL FEDERAL FINANCIAL IN COMMON STOCK USD.01,Buy,1596.0,0.0
2026-10-05,AVUV,LXU,LSB INDUSTRIES INC COMMON STOCK USD.1,Buy,1596.0,0.01
2026-10-05,AVUV,SBH,SALLY BEAUTY HOLDINGS INC COMMON STOCK USD.01,Buy,1596.0,0.0
2026-10-05,AVUV,HAPN,HAPPEN INC COMMON STOCK USD.01,Buy,1582.0,0.0
2026-10-05,AVUV,INGR,INGREDION INC COMMON STOCK USD.01,Buy,1575.0,0.01
2026-10-05,AVUV,OII,OCEANEERING INTL INC COMMON STOCK USD.25,Buy,1575.0,0.02
2026-10-05,AVUV,UNFI,UNITED NATURAL FOODS INC COMMON STOCK USD.01,Buy,1575.0,-0.02
2026-10-05,AVUV,CENTA,CENTRAL GARDEN AND PET CO A COMMON STOCK USD.01,Buy,1554.0,0.0
2026-10-05,AVUV,EGY,VAALCO ENERGY INC COMMON STOCK USD.1,Buy,1547.0,0.0
2026-10-05,AVUV,ALTO,ALTO INGREDIENTS INC COMMON STOCK USD.001,Buy,1519.0,0.0
2026-10-05,AVUV,TRS,TRIMAS CORP COMMON STOCK USD.01,Buy,1519.0,-0.01
2026-10-05,AVUV,EBS,EMERGENT BIOSOLUTIONS INC COMMON STOCK USD.001,Buy,1512.0,0.01
2026-10-05,AVUV,TROX,TRONOX HOLDINGS PLC COMMON STOCK USD.01,Buy,1505.0,0.0
2026-10-05,AVUV,GATX,GATX CORP COMMON STOCK USD.625,Buy,1498.0,0.0
2026-10-05,AVUV,KRP,KIMBELL ROYALTY PARTNERS LP UNIT,Buy,1498.0,0.01
2026-10-05,AVUV,RES,RPC INC COMMON STOCK USD.1,Buy,1498.0,0.0
2026-10-05,AVUV,EPAM,EPAM SYSTEMS INC COMMON STOCK USD.001,Buy,1491.0,0.0
2026-10-05,AVUV,GRNT,GRANITE RIDGE RESOURCES INC COMMON STOCK USD.0001,Buy,1484.0,0.0
2026-10-05,AVUV,CLMB,CLIMB GLOBAL SOLUTIONS INC COMMON STOCK USD.01,Buy,1463.0,0.0
2026-10-05,AVUV,KRO,KRONOS WORLDWIDE INC COMMON STOCK USD.01,Buy,1442.0,0.0
2026-10-05,AVUV,RDN,RADIAN GROUP INC COMMON STOCK USD.001,Buy,1435.0,0.01
2026-10-05,AVUV,GIC,GLOBAL INDUSTRIAL CO COMMON STOCK USD.01,Buy,1428.0,0.0
2026-10-05,AVUV,PFS,PROVIDENT FINANCIAL SERVICES COMMON STOCK USD.01,Buy,1421.0,-0.01
2026-10-05,AVUV,NBTB,N B T BANCORP INC COMMON STOCK USD.01,Buy,1414.0,0.0
2026-10-05,AVUV,HP,HELMERICH + PAYNE COMMON STOCK USD.1,Buy,1407.0,0.01
2026-10-05,AVUV,TASK,TASKUS INC A COMMON STOCK USD.01,Buy,1407.0,0.0
2026-10-05,AVUV,INVX,INNOVEX INTERNATIONAL INC COMMON STOCK USD.01,Buy,1400.0,0.0
2026-10-05,AVUV,UPBD,UPBOUND GROUP INC COMMON STOCK USD.01,Buy,1400.0,0.0
2026-10-05,AVUV,OPRT,OPORTUN FINANCIAL CORP COMMON STOCK USD.0001,Buy,1393.0,0.0
2026-10-05,AVUV,TTAM,TITAN AMERICA SA COMMON STOCK,Buy,1358.0,0.0
2026-10-05,AVUV,CNO,CNO FINANCIAL GROUP INC COMMON STOCK USD.01,Buy,1351.0,0.0
2026-10-05,AVUV,MTDR,MATADOR RESOURCES CO COMMON STOCK USD.01,Buy,1351.0,0.0
2026-10-05,AVUV,PLAB,PHOTRONICS INC COMMON STOCK USD.01,Buy,1351.0,-0.01
2026-10-05,AVUV,KBH,KB HOME COMMON STOCK USD1.0,Buy,1344.0,0.0
2026-10-05,AVUV,SKYW,SKYWEST INC COMMON STOCK,Buy,1344.0,-0.01
2026-10-05,AVUV,ARHS,ARHAUS INC COMMON STOCK USD.001,Buy,1330.0,0.0
2026-10-05,AVUV,HOPE,HOPE BANCORP INC COMMON STOCK USD.001,Buy,1330.0,0.0
2026-10-05,AVUV,FIZZ,NATIONAL BEVERAGE CORP COMMON STOCK USD.01,Buy,1323.0,0.0
2026-10-05,AVUV,NTGR,NETGEAR INC COMMON STOCK USD.001,Buy,1302.0,0.0
2026-10-05,AVUV,RJET,REPUBLIC AIRWAYS HOLDINGS IN COMMON STOCK,Buy,1267.0,0.0
2026-10-05,AVUV,CRK,COMSTOCK RESOURCES INC COMMON STOCK USD.5,Buy,1246.0,0.0
2026-10-05,AVUV,MGRC,MCGRATH RENTCORP COMMON STOCK,Buy,1246.0,0.0
2026-10-05,AVUV,BBSI,BARRETT BUSINESS SVCS INC COMMON STOCK USD.01,Buy,1225.0,0.01
2026-10-05,AVUV,TRUP,TRUPANION INC COMMON STOCK USD.00001,Buy,1225.0,0.0
2026-10-05,AVUV,UA,UNDER ARMOUR INC CLASS C COMMON STOCK USD.000333,Buy,1211.0,0.0
2026-10-05,AVUV,GLOB,GLOBANT SA COMMON STOCK USD1.2,Buy,1197.0,0.0
2026-10-05,AVUV,NUS,NU SKIN ENTERPRISES INC   A COMMON STOCK USD.001,Buy,1190.0,0.0
2026-10-05,AVUV,RUN,SUNRUN INC COMMON STOCK USD.0001,Buy,1183.0,0.0
2026-10-05,AVUV,BUSE,FIRST BUSEY CORP COMMON STOCK USD.001,Buy,1169.0,0.0
2026-10-05,AVUV,CMCL,CALEDONIA MINING CORP PLC COMMON STOCK,Buy,1169.0,0.0
2026-10-05,AVUV,CVI,CVR ENERGY INC COMMON STOCK USD.01,Buy,1162.0,0.0
2026-10-05,AVUV,NEWT,NEWTEKONE INC COMMON STOCK USD.02,Buy,1141.0,0.0
2026-10-05,AVUV,CMP,COMPASS MINERALS INTERNATION COMMON STOCK USD.01,Buy,1134.0,0.01
2026-10-05,AVUV,CALM,CAL MAINE FOODS INC COMMON STOCK USD.01,Buy,1113.0,-0.02
2026-10-05,AVUV,HOG,HARLEY DAVIDSON INC COMMON STOCK USD.01,Buy,1113.0,0.03
2026-10-05,AVUV,TTGT,TECHTARGET INC COMMON STOCK USD.001,Buy,1113.0,0.0
2026-10-05,AVUV,NBBK,NB BANCORP INC COMMON STOCK USD.01,Buy,1106.0,0.0
2026-10-05,AVUV,TG,TREDEGAR CORP COMMON STOCK,Buy,1085.0,0.0
2026-10-05,AVUV,FIRY,FIRY INC COMMON STOCK,Buy,1057.0,0.0
2026-10-05,AVUV,LRN,STRIDE INC COMMON STOCK USD.0001,Buy,1057.0,0.0
2026-10-05,AVUV,IPAR,INTERPARFUMS INC COMMON STOCK USD.001,Buy,1050.0,0.0
2026-10-05,AVUV,SBC,SBC MEDICAL GROUP HOLDINGS I COMMON STOCK,Buy,1036.0,0.0
2026-10-05,AVUV,SPNT,SIRIUSPOINT LTD COMMON STOCK USD.1,Buy,1029.0,0.0
2026-10-05,AVUV,TITN,TITAN MACHINERY INC COMMON STOCK USD.00001,Buy,1015.0,0.0
2026-10-05,AVUV,BOBS,BOB S DISCOUNT FURNITURE COMMON STOCK,Buy,987.0,-0.01
2026-10-05,AVUV,CMRE,COSTAMARE INC COMMON STOCK USD.0001,Buy,987.0,0.0
2026-10-05,AVUV,RIGL,RIGEL PHARMACEUTICALS INC COMMON STOCK USD.001,Buy,987.0,0.01
2026-10-05,AVUV,WYFI,WHITEFIBER INC COMMON STOCK USD.01,Buy,980.0,0.0
2026-10-05,AVUV,SLDE,SLIDE INSURANCE HOLDINGS INC COMMON STOCK USD.01,Buy,973.0,0.0
2026-10-05,AVUV,AMCX,AMC GLOBAL MEDIA INC COMMON STOCK,Buy,952.0,0.0
2026-10-05,AVUV,LAD,LITHIA MOTORS INC COMMON STOCK,Buy,952.0,0.0
2026-10-05,AVUV,YELP,YELP INC COMMON STOCK USD.000001,Buy,945.0,0.0
2026-10-05,AVUV,ACEL,ACCEL ENTERTAINMENT INC COMMON STOCK USD.0001,Buy,938.0,0.0
2026-10-05,AVUV,AIN,ALBANY INTL CORP CL A COMMON STOCK USD.001,Buy,938.0,0.0
2026-10-05,AVUV,TK,TEEKAY CORP LTD COMMON STOCK USD.001,Buy,938.0,0.0
2026-10-05,AVUV,WFRD,WEATHERFORD INTERNATIONAL PL COMMON STOCK USD.001,Buy,938.0,0.01
2026-10-05,AVUV,ESNT,ESSENT GROUP LTD COMMON STOCK USD.015,Buy,931.0,0.01
2026-10-05,AVUV,PRAA,PRA GROUP INC COMMON STOCK USD.01,Buy,931.0,0.0
2026-10-05,AVUV,SLVM,SYLVAMO CORP COMMON STOCK USD1.0,Buy,931.0,0.0
2026-10-05,AVUV,ANF,ABERCROMBIE + FITCH CO CL A COMMON STOCK USD.01,Buy,924.0,0.03
2026-10-05,AVUV,CROX,CROCS INC COMMON STOCK USD.001,Buy,910.0,0.0
2026-10-05,AVUV,INSW,INTERNATIONAL SEAWAYS INC COMMON STOCK,Buy,896.0,0.0
2026-10-05,AVUV,LEA,LEAR CORP COMMON STOCK USD.01,Buy,889.0,0.0
2026-10-05,AVUV,NMIH,NMI HOLDINGS INC COMMON STOCK USD.01,Buy,889.0,0.01
2026-10-05,AVUV,OZK,BANK OZK COMMON STOCK,Buy,889.0,0.0
2026-10-05,AVUV,FOSL,FOSSIL GROUP INC COMMON STOCK USD.01,Buy,882.0,0.01
2026-10-05,AVUV,HIPO,HIPPO HOLDINGS INC COMMON STOCK USD.0001,Buy,875.0,0.0
2026-10-05,AVUV,MCS,MARCUS CORPORATION COMMON STOCK USD1.0,Buy,875.0,0.0
2026-10-05,AVUV,WGO,WINNEBAGO INDUSTRIES COMMON STOCK USD.5,Buy,875.0,0.0
2026-10-05,AVUV,LGIH,LGI HOMES INC COMMON STOCK USD.01,Buy,868.0,0.0
2026-10-05,AVUV,NVGS,NAVIGATOR HOLDINGS LTD COMMON STOCK,Buy,854.0,0.0
2026-10-05,AVUV,GBX,GREENBRIER COMPANIES INC COMMON STOCK,Buy,847.0,0.0
2026-10-05,AVUV,YETI,YETI HOLDINGS INC COMMON STOCK USD.01,Buy,833.0,0.0
2026-10-05,AVUV,BNED,BARNES + NOBLE EDUCATION INC COMMON STOCK USD.01,Buy,826.0,0.0
2026-10-05,AVUV,SMP,STANDARD MOTOR PRODS COMMON STOCK USD2.0,Buy,826.0,0.0
2026-10-05,AVUV,GLIBK,LIBERTY CAPITAL CORP CL C COMMON STOCK USD.01,Buy,819.0,0.0
2026-10-05,AVUV,BKU,BANKUNITED INC COMMON STOCK USD.01,Buy,812.0,0.0
2026-10-05,AVUV,PVH,PVH CORP COMMON STOCK USD1.0,Buy,812.0,-0.01
2026-10-05,AVUV,ABG,ASBURY AUTOMOTIVE GROUP COMMON STOCK USD.01,Buy,805.0,0.0
2026-10-05,AVUV,ASO,ACADEMY SPORTS + OUTDOORS IN COMMON STOCK USD.01,Buy,798.0,0.03
2026-10-05,AVUV,SCL,STEPAN CO COMMON STOCK USD1.0,Buy,798.0,0.0
2026-10-05,AVUV,LPG,DORIAN LPG LTD COMMON STOCK USD.01,Buy,791.0,0.0
2026-10-05,AVUV,ARCB,ARCBEST CORP COMMON STOCK USD.01,Buy,784.0,-0.01
2026-10-05,AVUV,HHH,HOWARD HUGHES HOLDINGS INC COMMON STOCK,Buy,784.0,0.0
2026-10-05,AVUV,HNRG,HALLADOR ENERGY CO COMMON STOCK USD.01,Buy,777.0,0.0
2026-10-05,AVUV,LOB,LIVE OAK BANCSHARES INC COMMON STOCK,Buy,770.0,0.0
2026-10-05,AVUV,GCT,GIGACLOUD TECHNOLOGY INC   A COMMON STOCK USD.05,Buy,763.0,0.0
2026-10-05,AVUV,FRST,PRIMIS FINANCIAL CORP COMMON STOCK USD.01,Buy,756.0,0.0
2026-10-05,AVUV,JJSF,J + J SNACK FOODS CORP COMMON STOCK,Buy,749.0,0.0
2026-10-05,AVUV,PRDO,PERDOCEO EDUCATION CORP COMMON STOCK USD.01,Buy,742.0,0.0
2026-10-05,AVUV,THRM,GENTHERM INC  WHEN ISSUED COMMON STOCK,Buy,742.0,0.01
2026-10-05,AVUV,URBN,URBAN OUTFITTERS INC COMMON STOCK USD.0001,Buy,742.0,0.01
2026-10-05,AVUV,SIGI,SELECTIVE INSURANCE GROUP COMMON STOCK USD2.0,Buy,735.0,0.0
2026-10-05,AVUV,TDW,TIDEWATER INC COMMON STOCK,Buy,728.0,0.0
2026-10-05,AVUV,BHF,BRIGHTHOUSE FINANCIAL INC COMMON STOCK USD.01,Buy,707.0,0.0
2026-10-05,AVUV,CNOB,CONNECTONE BANCORP INC COMMON STOCK,Buy,707.0,0.0
2026-10-05,AVUV,AX,AXOS FINANCIAL INC COMMON STOCK USD.01,Buy,700.0,-0.01
2026-10-05,AVUV,CRCT,CRICUT INC   CLASS A COMMON STOCK USD.001,Buy,693.0,0.0
2026-10-05,AVUV,OIS,OIL STATES INTERNATIONAL INC COMMON STOCK USD.01,Buy,693.0,0.01
2026-10-05,AVUV,HZO,MARINEMAX INC COMMON STOCK USD.001,Buy,686.0,-0.01
2026-10-05,AVUV,ALGT,ALLEGIANT TRAVEL CO COMMON STOCK USD.001,Buy,679.0,-0.01
2026-10-05,AVUV,PARR,PAR PACIFIC HOLDINGS INC COMMON STOCK USD.01,Buy,672.0,0.02
2026-10-05,AVUV,CAKE,CHEESECAKE FACTORY INC/THE COMMON STOCK USD.01,Buy,658.0,-0.01
2026-10-05,AVUV,CATY,CATHAY GENERAL BANCORP COMMON STOCK USD.01,Buy,658.0,-0.01
2026-10-05,AVUV,BYD,BOYD GAMING CORP COMMON STOCK USD.01,Buy,651.0,0.01
2026-10-05,AVUV,IBEX,IBEX LTD COMMON STOCK USD.0001,Buy,651.0,0.0
2026-10-05,AVUV,IBOC,INTERNATIONAL BANCSHARES CRP COMMON STOCK USD1.0,Buy,651.0,-0.01
2026-10-05,AVUV,AAP,ADVANCE AUTO PARTS INC COMMON STOCK USD.0001,Buy,644.0,0.0
2026-10-05,AVUV,ASLE,AERSALE CORP COMMON STOCK USD.0001,Buy,637.0,0.0
2026-10-05,AVUV,BANF,BANCFIRST CORP COMMON STOCK USD1.0,Buy,637.0,0.0
2026-10-05,AVUV,OPFI,OPPFI INC COMMON STOCK,Buy,637.0,0.0
2026-10-05,AVUV,PII,POLARIS INC COMMON STOCK USD.01,Buy,637.0,-0.01
2026-10-05,AVUV,RYAM,RAYONIER ADVANCED MATERIALS COMMON STOCK USD.01,Buy,637.0,0.0
2026-10-05,AVUV,SND,SMART SAND INC COMMON STOCK USD.001,Buy,637.0,0.0
2026-10-05,AVUV,SPB,SPECTRUM BRANDS HOLDINGS INC COMMON STOCK USD.01,Buy,630.0,-0.01
2026-10-05,AVUV,AMTB,AMERANT BANCORP INC COMMON STOCK USD.1,Buy,623.0,0.0
2026-10-05,AVUV,GDOT,GREEN DOT CORP CLASS A COMMON STOCK USD.001,Buy,623.0,0.0
2026-10-05,AVUV,WAFD,WAFD INC COMMON STOCK USD1.0,Buy,623.0,0.0
2026-10-05,AVUV,EBF,ENNIS INC COMMON STOCK USD2.5,Buy,616.0,0.0
2026-10-05,AVUV,INFU,INFUSYSTEM HOLDINGS INC COMMON STOCK USD.0001,Buy,616.0,0.0
2026-10-05,AVUV,KE,KIMBALL ELECTRONICS INC COMMON STOCK,Buy,609.0,0.0
2026-10-05,AVUV,APOG,APOGEE ENTERPRISES INC COMMON STOCK USD.333,Buy,602.0,0.0
2026-10-05,AVUV,DCOM,DIME COMMERCIAL BANCSHARES I COMMON STOCK USD.01,Buy,602.0,0.0
2026-10-05,AVUV,MLR,MILLER INDUSTRIES INC/TENN COMMON STOCK USD.01,Buy,595.0,0.0
2026-10-05,AVUV,TRMK,TRUSTMARK CORP COMMON STOCK,Buy,595.0,0.0
2026-10-05,AVUV,WW,WW INTERNATIONAL INC NEW COMMON STOCK,Buy,595.0,0.0
2026-10-05,AVUV,CRD.A,CRAWFORD + COMPANY  CL A COMMON STOCK USD1.0,Buy,588.0,0.0
2026-10-05,AVUV,BFH,BREAD FINANCIAL HOLDINGS INC COMMON STOCK USD.01,Buy,574.0,0.0
2026-10-05,AVUV,TCBI,TEXAS CAPITAL BANCSHARES INC COMMON STOCK USD.01,Buy,567.0,0.0
2026-10-05,AVUV,BANR,BANNER CORPORATION COMMON STOCK USD.01,Buy,553.0,0.0
2026-10-05,AVUV,CRI,CARTER S INC COMMON STOCK USD.01,Buy,546.0,0.0
2026-10-05,AVUV,LKFN,LAKELAND FINANCIAL CORP COMMON STOCK,Buy,546.0,-0.01
2026-10-05,AVUV,MPB,MID PENN BANCORP INC COMMON STOCK USD1.0,Buy,546.0,0.0
2026-10-05,AVUV,PKOH,PARK OHIO HOLDINGS CORP COMMON STOCK USD1.0,Buy,546.0,0.0
2026-10-05,AVUV,EPM,EVOLUTION PETROLEUM CORP COMMON STOCK USD.001,Buy,532.0,0.0
2026-10-05,AVUV,NRDS,NERDWALLET INC CL A COMMON STOCK USD.0001,Buy,525.0,0.0
2026-10-05,AVUV,SWBI,SMITH + WESSON BRANDS INC COMMON STOCK USD.001,Buy,525.0,0.0
2026-10-05,AVUV,FOR,FORESTAR GROUP INC COMMON STOCK USD1.0,Buy,504.0,0.0
2026-10-05,AVUV,KRT,KARAT PACKAGING INC COMMON STOCK USD.001,Buy,504.0,0.0
2026-10-05,AVUV,VTS,VITESSE ENERGY INC COMMON STOCK USD.01,Buy,504.0,0.0
2026-10-05,AVUV,LOVE,LOVESAC CO/THE COMMON STOCK USD.00001,Buy,490.0,0.0
2026-10-05,AVUV,PLGO,PELAGOS INSURANCE CAPITAL LT COMMON STOCK USD.01,Buy,490.0,0.0
2026-10-05,AVUV,SRI,STONERIDGE INC COMMON STOCK,Buy,490.0,0.0
2026-10-05,AVUV,WLFC,WILLIS LEASE FINANCE CORP COMMON STOCK USD.01,Buy,490.0,0.0
2026-10-05,AVUV,ASIX,ADVANSIX INC COMMON STOCK USD.01,Buy,483.0,0.0
2026-10-05,AVUV,BOH,BANK OF HAWAII CORP COMMON STOCK USD.01,Buy,483.0,0.0
2026-10-05,AVUV,AOUT,AMERICAN OUTDOOR BRANDS INC COMMON STOCK,Buy,476.0,0.0
2026-10-05,AVUV,FSTR,FOSTER (LB) CO A COMMON STOCK USD.01,Buy,476.0,0.0
2026-10-05,AVUV,PPC,PILGRIM S PRIDE CORP COMMON STOCK USD.01,Buy,476.0,0.0
2026-10-05,AVUV,SD,SANDRIDGE ENERGY INC COMMON STOCK USD.001,Buy,476.0,0.0
2026-10-05,AVUV,SKWD,SKYWARD SPECIALTY INSURANCE COMMON STOCK USD.01,Buy,476.0,0.0
2026-10-05,AVUV,AMRC,AMERESCO INC CL A COMMON STOCK USD.0001,Buy,469.0,0.0
2026-10-05,AVUV,MFIN,MEDALLION FINANCIAL CORP COMMON STOCK USD.01,Buy,469.0,0.0
2026-10-05,AVUV,TLYS,TILLY S INC CLASS A SHRS COMMON STOCK USD.001,Buy,469.0,0.0
2026-10-05,AVUV,CMT,CORE MOLDING TECHNOLOGIES IN COMMON STOCK USD.01,Buy,462.0,0.0
2026-10-05,AVUV,LCUT,LIFETIME BRANDS INC COMMON STOCK USD.01,Buy,462.0,0.0
2026-10-05,AVUV,LOPE,GRAND CANYON EDUCATION INC COMMON STOCK USD.01,Buy,462.0,0.0
2026-10-05,AVUV,CASS,CASS INFORMATION SYSTEMS INC COMMON STOCK USD.5,Buy,448.0,0.0
2026-10-05,AVUV,GTE,GRAN TIERRA ENERGY INC COMMON STOCK USD.001,Buy,448.0,0.0
2026-10-05,AVUV,PDLB,PONCE FINANCIAL GROUP INC COMMON STOCK USD.01,Buy,448.0,0.0
2026-10-05,AVUV,BKV,BKV CORPORATION COMMON STOCK USD.01,Buy,441.0,0.0
2026-10-05,AVUV,ROOT,ROOT INC/OH  CLASS A COMMON STOCK USD.0001,Buy,441.0,0.0
2026-10-05,AVUV,BCAL,CALIFORNIA BANCORP COMMON STOCK USD.01,Buy,434.0,0.0
2026-10-05,AVUV,RUSHB,RUSH ENTERPRISES INC   CL B COMMON STOCK USD.01,Buy,434.0,0.0
2026-10-05,AVUV,DBI,DESIGNER BRANDS INC CLASS A COMMON STOCK,Buy,427.0,0.0
2026-10-05,AVUV,PLMR,PALOMAR HOLDINGS INC COMMON STOCK USD.0001,Buy,427.0,0.0
2026-10-05,AVUV,WASH,WASHINGTON TRUST BANCORP COMMON STOCK USD.0625,Buy,427.0,0.0
2026-10-05,AVUV,FNRN,FIRST NORTHERN COMMUNITY BAN COMMON STOCK,Buy,420.0,0.0
2026-10-05,AVUV,KSS,KOHLS CORP COMMON STOCK USD.01,Buy,420.0,0.01
2026-10-05,AVUV,CVLG,COVENANT LOGISTICS GROUP INC COMMON STOCK USD.01,Buy,413.0,0.0
2026-10-05,AVUV,CCNE,CNB FINANCIAL CORP/PA COMMON STOCK,Buy,406.0,0.0
2026-10-05,AVUV,FISI,FINANCIAL INSTITUTIONS INC COMMON STOCK USD.01,Buy,406.0,0.0
2026-10-05,AVUV,HY,HYSTER YALE INC COMMON STOCK USD.01,Buy,399.0,0.0
2026-10-05,AVUV,REPX,RILEY EXPLORATION PERMIAN IN COMMON STOCK USD.001,Buy,392.0,0.0
2026-10-05,AVUV,SIG,SIGNET JEWELERS LTD COMMON STOCK USD.18,Buy,392.0,0.0
2026-10-05,AVUV,CNR,CORE NATURAL RESOURCES INC COMMON STOCK USD.01,Buy,385.0,0.0
2026-10-05,AVUV,FG,F+G ANNUITIES + LIFE INC COMMON STOCK USD.001,Buy,385.0,0.0
2026-10-05,AVUV,JCAP,JEFFERSON CAPITAL INC COMMON STOCK USD.0001,Buy,385.0,0.0
2026-10-05,AVUV,MCY,MERCURY GENERAL CORP COMMON STOCK,Buy,385.0,0.0
2026-10-05,AVUV,CBRL,CRACKER BARREL OLD COUNTRY COMMON STOCK USD.01,Buy,378.0,0.0
2026-10-05,AVUV,APC,ARKO PETROLEUM CORP COMMON STOCK,Buy,371.0,0.0
2026-10-05,AVUV,OSBC,OLD SECOND BANCORP INC COMMON STOCK USD1.0,Buy,371.0,0.0
2026-10-05,AVUV,ANIP,ANI PHARMACEUTICALS INC COMMON STOCK USD.0001,Buy,364.0,0.0
2026-10-05,AVUV,GOLD,GOLD.COM INC COMMON STOCK USD.01,Buy,364.0,0.0
2026-10-05,AVUV,IMKTA,INGLES MARKETS INC CLASS A COMMON STOCK USD.05,Buy,364.0,-0.01
2026-10-05,AVUV,NATR,NATURES SUNSHINE PRODS INC COMMON STOCK,Buy,364.0,0.0
2026-10-05,AVUV,HPK,HIGHPEAK ENERGY INC COMMON STOCK USD.0001,Buy,350.0,0.0
2026-10-05,AVUV,NGVC,NATURAL GROCERS BY VITAMIN C COMMON STOCK USD.001,Buy,336.0,0.0
2026-10-05,AVUV,ASC,ARDMORE SHIPPING CORP COMMON STOCK USD.01,Buy,329.0,0.0
2026-10-05,AVUV,CBAN,COLONY BANKCORP COMMON STOCK USD1.0,Buy,329.0,0.0
2026-10-05,AVUV,RNGR,RANGER ENERGY SERVICES CL A COMMON STOCK,Buy,329.0,0.0
2026-10-05,AVUV,UFCS,UNITED FIRE GROUP INC COMMON STOCK USD.001,Buy,329.0,0.0
2026-10-05,AVUV,WMK,WEIS MARKETS INC COMMON STOCK,Buy,329.0,0.0
2026-10-05,AVUV,CARE,CARTER BANKSHARES INC COMMON STOCK USD1.0,Buy,322.0,-0.01
2026-10-05,AVUV,ECPG,ENCORE CAPITAL GROUP INC COMMON STOCK USD.01,Buy,322.0,0.0
2026-10-05,AVUV,HBB,HAMILTON BEACH BRAND A COMMON STOCK USD.01,Buy,322.0,0.0
2026-10-05,AVUV,VTOL,BRISTOW GROUP INC COMMON STOCK USD.01,Buy,322.0,0.0
2026-10-05,AVUV,PPIH,PERMA PIPE INTERNATIONAL HOL COMMON STOCK USD.01,Buy,315.0,0.0
2026-10-05,AVUV,AII,AMERICAN INTEGRITY INSURANCE COMMON STOCK USD.001,Buy,308.0,0.0
2026-10-05,AVUV,BKE,BUCKLE INC/THE COMMON STOCK USD.01,Buy,308.0,0.0
2026-10-05,AVUV,MSBI,MIDLAND STATES BANCORP INC COMMON STOCK USD.01,Buy,301.0,0.0
2026-10-05,AVUV,NWFL,NORWOOD FINANCIAL CORP COMMON STOCK USD.1,Buy,301.0,0.0
2026-10-05,AVUV,OFG,OFG BANCORP COMMON STOCK USD1.0,Buy,301.0,0.0
2026-10-05,AVUV,TNK,TEEKAY TANKERS LTD CLASS A COMMON STOCK USD.01,Buy,301.0,0.0
2026-10-05,AVUV,COFS,CHOICEONE FINANCIAL SVCS INC COMMON STOCK,Buy,294.0,0.0
2026-10-05,AVUV,FMAO,FARMERS + MERCHANTS BANCO/OH COMMON STOCK,Buy,294.0,0.0
2026-10-05,AVUV,QCRH,QCR HOLDINGS INC COMMON STOCK USD1.0,Buy,294.0,0.0
2026-10-05,AVUV,CUBI,CUSTOMERS BANCORP INC COMMON STOCK USD1.0,Buy,287.0,-0.01
2026-10-05,AVUV,EFSC,ENTERPRISE FINANCIAL SERVICE COMMON STOCK USD.01,Buy,287.0,0.0
2026-10-05,AVUV,FRBA,FIRST BANK/HAMILTON NJ COMMON STOCK USD.01,Buy,287.0,0.0
2026-10-05,AVUV,FVCB,FVCBANKCORP INC COMMON STOCK USD.01,Buy,287.0,0.0
2026-10-05,AVUV,MED,MEDIFAST INC COMMON STOCK USD.001,Buy,287.0,0.0
2026-10-05,AVUV,CAC,CAMDEN NATIONAL CORP COMMON STOCK,Buy,280.0,-0.01
2026-10-05,AVUV,CAL,CALERES INC COMMON STOCK USD.01,Buy,280.0,0.0
2026-10-05,AVUV,EPSN,EPSILON ENERGY LTD COMMON STOCK,Buy,280.0,0.0
2026-10-05,AVUV,FNLC,FIRST BANCORP INC/ME COMMON STOCK USD.01,Buy,280.0,0.0
2026-10-05,AVUV,JAKK,JAKKS PACIFIC INC COMMON STOCK USD.001,Buy,280.0,0.0
2026-10-05,AVUV,TBBK,BANCORP INC/THE COMMON STOCK USD1.0,Buy,280.0,0.0
2026-10-05,AVUV,VNCE,VINCE HOLDING CORP COMMON STOCK USD.001,Buy,280.0,0.0
2026-10-05,AVUV,ACIC,AMERICAN COASTAL INSURANCE C COMMON STOCK USD.0001,Buy,266.0,0.0
2026-10-05,AVUV,IPI,INTREPID POTASH INC COMMON STOCK USD.001,Buy,266.0,0.0
2026-10-05,AVUV,NPB,NORTHPOINTE BANCSHARES INC COMMON STOCK NPV,Buy,266.0,0.0
2026-10-05,AVUV,USCB,USCB FINANCIAL HOLDINGS INC COMMON STOCK,Buy,266.0,0.0
2026-10-05,AVUV,FMBH,FIRST MID BANCSHARES INC COMMON STOCK USD4.0,Buy,259.0,0.0
2026-10-05,AVUV,PCB,PCB BANCORP COMMON STOCK,Buy,259.0,0.0
2026-10-05,AVUV,PHIN,PHINIA INC COMMON STOCK USD.01,Buy,259.0,0.0
2026-10-05,AVUV,REX,REX AMERICAN RESOURCES CORP COMMON STOCK USD.01,Buy,259.0,0.0
2026-10-05,AVUV,WEYS,WEYCO GROUP INC COMMON STOCK USD1.0,Buy,259.0,0.0
2026-10-05,AVUV,FSBC,FIVE STAR BANCORP COMMON STOCK,Buy,252.0,0.0
2026-10-05,AVUV,LCII,LCI INDUSTRIES COMMON STOCK USD.01,Buy,252.0,0.0
2026-10-05,AVUV,NBR,NABORS INDUSTRIES LTD COMMON STOCK USD.001,Buy,252.0,0.0
2026-10-05,AVUV,SHBI,SHORE BANCSHARES INC COMMON STOCK USD.01,Buy,252.0,0.0
2026-10-05,AVUV,VC,VISTEON CORP COMMON STOCK,Buy,252.0,0.0
2026-10-05,AVUV,VLGEA,VILLAGE SUPER MARKET CLASS A COMMON STOCK,Buy,252.0,0.0
2026-10-05,AVUV,ATNI,ATN INTERNATIONAL INC COMMON STOCK USD.01,Buy,245.0,0.0
2026-10-05,AVUV,BFST,BUSINESS FIRST BANCSHARES COMMON STOCK USD1.0,Buy,245.0,0.0
2026-10-05,AVUV,BJRI,BJ S RESTAURANTS INC COMMON STOCK,Buy,245.0,0.0
2026-10-05,AVUV,ACU,ACME UNITED CORP COMMON STOCK USD2.5,Buy,238.0,0.0
2026-10-05,AVUV,BWB,BRIDGEWATER BANCSHARES INC COMMON STOCK USD.001,Buy,238.0,0.0
2026-10-05,AVUV,CENT,CENTRAL GARDEN + PET CO COMMON STOCK USD.01,Buy,238.0,0.0
2026-10-05,AVUV,GCO,GENESCO INC COMMON STOCK USD1.0,Buy,238.0,0.0
2026-10-05,AVUV,HRTG,HERITAGE INSURANCE HOLDINGS COMMON STOCK USD.0001,Buy,238.0,0.0
2026-10-05,AVUV,MBUU,MALIBU BOATS INC   A COMMON STOCK USD.01,Buy,238.0,0.0
2026-10-05,AVUV,MGPI,MGP INGREDIENTS INC COMMON STOCK,Buy,238.0,0.0
2026-10-05,AVUV,MCBS,METROCITY BANKSHARES INC COMMON STOCK,Buy,231.0,0.0
2026-10-05,AVUV,NKSH,NATIONAL BANKSHARES INC/VA COMMON STOCK USD1.25,Buy,231.0,0.0
2026-10-05,AVUV,NUTX,NUTEX HEALTH INC COMMON STOCK,Buy,231.0,0.01
2026-10-05,AVUV,ORRF,ORRSTOWN FINL SERVICES INC COMMON STOCK,Buy,231.0,0.0
2026-10-05,AVUV,BY,BYLINE BANCORP INC COMMON STOCK USD.01,Buy,224.0,0.0
2026-10-05,AVUV,COLM,COLUMBIA SPORTSWEAR CO COMMON STOCK,Buy,224.0,0.0
2026-10-05,AVUV,AROW,ARROW FINANCIAL CORP COMMON STOCK USD1.0,Buy,217.0,0.0
2026-10-05,AVUV,HAFC,HANMI FINANCIAL CORPORATION COMMON STOCK USD.001,Buy,217.0,0.0
2026-10-05,AVUV,OXM,OXFORD INDUSTRIES INC COMMON STOCK USD1.0,Buy,217.0,0.0
2026-10-05,AVUV,UVE,UNIVERSAL INSURANCE HOLDINGS COMMON STOCK USD.01,Buy,217.0,-0.01
2026-10-05,AVUV,CVEO,CIVEO CORP COMMON STOCK USD.01,Buy,210.0,0.0
2026-10-05,AVUV,NTB,BANK OF N.T. BUTTERFIELD+SON COMMON STOCK BMD1.0,Buy,210.0,0.0
2026-10-05,AVUV,GIII,G III APPAREL GROUP LTD COMMON STOCK USD.01,Buy,203.0,0.0
2026-10-05,AVUV,WSBF,WATERSTONE FINANCIAL INC COMMON STOCK USD.01,Buy,203.0,0.0
2026-10-05,AVUV,WTBA,WEST BANCORPORATION COMMON STOCK,Buy,203.0,0.0
2026-10-05,AVUV,NGS,NATURAL GAS SERVICES GROUP COMMON STOCK USD.01,Buy,196.0,0.0
2026-10-05,AVUV,ACT,ENACT HOLDINGS INC COMMON STOCK USD.01,Buy,189.0,0.0
2026-10-05,AVUV,JILL,J. JILL INC COMMON STOCK USD.01,Buy,182.0,0.0
2026-10-05,AVUV,LZB,LA Z BOY INC COMMON STOCK USD1.0,Buy,182.0,-0.01
2026-10-05,AVUV,PKBK,PARKE BANCORP INC COMMON STOCK USD.1,Buy,182.0,0.0
2026-10-05,AVUV,BPRN,PRINCETON BANCORP INC COMMON STOCK,Buy,175.0,0.0
2026-10-05,AVUV,CRD.B,CRAWFORD + CO   CL B COMMON STOCK USD1.0,Buy,175.0,0.0
2026-10-05,AVUV,DGICA,DONEGAL GROUP INC CL A COMMON STOCK USD.01,Buy,175.0,0.0
2026-10-05,AVUV,FSBW,FS BANCORP INC COMMON STOCK USD.01,Buy,175.0,0.0
2026-10-05,AVUV,GPOR,GULFPORT ENERGY CORP COMMON STOCK USD.0001,Buy,175.0,0.0
2026-10-05,AVUV,KINS,KINGSTONE COS INC COMMON STOCK USD.01,Buy,175.0,0.0
2026-10-05,AVUV,SAM,BOSTON BEER COMPANY INC A COMMON STOCK USD.01,Buy,175.0,0.0
2026-10-05,AVUV,TMP,TOMPKINS FINANCIAL CORP COMMON STOCK USD.1,Buy,175.0,0.0
2026-10-05,AVUV,ATLO,AMES NATIONAL CORP COMMON STOCK USD2.0,Buy,168.0,0.0
2026-10-05,AVUV,ETD,ETHAN ALLEN INTERIORS INC COMMON STOCK USD.01,Buy,168.0,0.0
2026-10-05,AVUV,IBCP,INDEPENDENT BANK CORP   MICH COMMON STOCK USD1.0,Buy,168.0,-0.01
2026-10-05,AVUV,LNN,LINDSAY CORP COMMON STOCK USD1.0,Buy,168.0,0.0
2026-10-05,AVUV,NRIM,NORTHRIM BANCORP INC COMMON STOCK USD1.0,Buy,168.0,0.0
2026-10-05,AVUV,CBNK,CAPITAL BANCORP INC/MD COMMON STOCK USD.01,Buy,161.0,0.0
2026-10-05,AVUV,CPF,CENTRAL PACIFIC FINANCIAL CO COMMON STOCK,Buy,161.0,0.0
2026-10-05,AVUV,FXNC,FIRST NATIONAL CORP/VA COMMON STOCK USD1.25,Buy,161.0,0.0
2026-10-05,AVUV,HVT,HAVERTY FURNITURE COMMON STOCK USD1.0,Buy,161.0,0.0
2026-10-05,AVUV,JBSS,JOHN B. SANFILIPPO + SON INC COMMON STOCK USD.01,Buy,161.0,0.0
2026-10-05,AVUV,PFSI,PENNYMAC FINANCIAL SERVICES COMMON STOCK USD.0001,Buy,161.0,0.0
2026-10-05,AVUV,VEL,VELOCITY FINANCIAL INC COMMON STOCK,Buy,161.0,0.0
2026-10-05,AVUV,APEI,AMERICAN PUBLIC EDUCATION COMMON STOCK USD.01,Buy,154.0,0.01
2026-10-05,AVUV,INR,INFINITY NATURAL RESOUR CL A COMMON STOCK USD.01,Buy,154.0,0.0
2026-10-05,AVUV,SMBK,SMARTFINANCIAL INC COMMON STOCK USD1.0,Buy,154.0,0.0
2026-10-05,AVUV,SRCE,1ST SOURCE CORP COMMON STOCK,Buy,154.0,0.0
2026-10-05,AVUV,ACNB,ACNB CORP COMMON STOCK USD2.5,Buy,147.0,0.0
2026-10-05,AVUV,CHMG,CHEMUNG FINANCIAL CORP COMMON STOCK USD.01,Buy,147.0,0.0
2026-10-05,AVUV,CMTV,COMMUNITY BANCORP INC/VT COMMON STOCK USD2.5,Buy,147.0,0.0
2026-10-05,AVUV,OVLY,OAK VALLEY BANCORP COMMON STOCK,Buy,147.0,0.0
2026-10-05,AVUV,PFIS,PEOPLES FINANCIAL SERVICES COMMON STOCK USD2.0,Buy,147.0,0.0
2026-10-05,AVUV,SENEA,SENECA FOODS CORP   CL A COMMON STOCK USD.25,Buy,147.0,0.0
2026-10-05,AVUV,SHOE,SHOE STATION GROUP INC COMMON STOCK,Buy,147.0,0.0
2026-10-05,AVUV,CBK,COMMERCIAL BANCGROUP INC COMMON STOCK USD.01,Buy,140.0,0.0
2026-10-05,AVUV,EFSI,EAGLE FINANCIAL SERVICES INC COMMON STOCK USD2.5,Buy,140.0,0.0
2026-10-05,AVUV,SPFI,SOUTH PLAINS FINANCIAL INC COMMON STOCK USD1.0,Buy,140.0,0.0
2026-10-05,AVUV,TSBK,TIMBERLAND BANCORP INC COMMON STOCK USD.01,Buy,140.0,0.0
2026-10-05,AVUV,BSVN,BANK7 CORP COMMON STOCK USD.01,Buy,133.0,0.0
2026-10-05,AVUV,FET,FORUM ENERGY TECHNOLOGIES IN COMMON STOCK USD.01,Buy,133.0,0.0
2026-10-05,AVUV,MBIN,MERCHANTS BANCORP/IN COMMON STOCK,Buy,133.0,0.0
2026-10-05,AVUV,OBT,ORANGE COUNTY BANCORP INC COMMON STOCK USD.25,Buy,133.0,0.0
2026-10-05,AVUV,RBB,RBB BANCORP COMMON STOCK,Buy,133.0,0.0
2026-10-05,AVUV,BSRR,SIERRA BANCORP COMMON STOCK,Buy,126.0,0.0
2026-10-05,AVUV,MBWM,MERCANTILE BANK CORP COMMON STOCK,Buy,126.0,0.0
2026-10-05,AVUV,PLBC,PLUMAS BANCORP COMMON STOCK,Buy,126.0,0.0
2026-10-05,AVUV,TCBX,THIRD COAST BANCSHARES INC COMMON STOCK USD1.0,Buy,126.0,0.0
2026-10-05,AVUV,FUNC,FIRST UNITED CORP COMMON STOCK USD.01,Buy,119.0,0.0
2026-10-05,AVUV,ZUMZ,ZUMIEZ INC COMMON STOCK,Buy,119.0,0.0
2026-10-05,AVUV,CZFS,CITIZENS FINANCIAL SERVICES COMMON STOCK USD1.0,Buy,112.0,0.0
2026-10-05,AVUV,CCBG,CAPITAL CITY BANK GROUP INC COMMON STOCK USD.01,Buy,105.0,0.0
2026-10-05,AVUV,CTBI,COMMUNITY TRUST BANCORP INC COMMON STOCK USD5.0,Buy,105.0,0.0
2026-10-05,AVUV,FCAP,FIRST CAPITAL INC COMMON STOCK USD.01,Buy,105.0,0.0
2026-10-05,AVUV,HCI,HCI GROUP INC COMMON STOCK,Buy,105.0,0.0
2026-10-05,AVUV,MRBK,MERIDIAN CORP COMMON STOCK,Buy,105.0,0.0
2026-10-05,AVUV,ESOA,ENERGY SERVICES OF AMERICA COMMON STOCK USD.0001,Buy,98.0,0.0
2026-10-05,AVUV,HTB,HOMETRUST BANCSHARES INC COMMON STOCK,Buy,98.0,0.0
2026-10-05,AVUV,AGM,FEDERAL AGRIC MTG CORP CL C COMMON STOCK USD1.0,Buy,91.0,0.0
2026-10-05,AVUV,AMAL,AMALGAMATED FINANCIAL CORP COMMON STOCK USD.01,Buy,91.0,0.0
2026-10-05,AVUV,ATLC,ATLANTICUS HOLDINGS CORP COMMON STOCK,Buy,91.0,0.0
2026-10-05,AVUV,BWFG,BANKWELL FINANCIAL GROUP INC COMMON STOCK,Buy,91.0,0.0
2026-10-05,AVUV,CFBK,CF BANKSHARES INC COMMON STOCK USD.01,Buy,91.0,0.0
2026-10-05,AVUV,GLIBA,LIBERTY CAPITAL CORP COMMON STOCK,Buy,91.0,0.0
2026-10-05,AVUV,PFBC,PREFERRED BANK/LOS ANGELES COMMON STOCK,Buy,91.0,0.0
2026-10-05,AVUV,TRST,TRUSTCO BANK CORP NY COMMON STOCK USD1.0,Buy,91.0,0.0
2026-10-05,AVUV,BBW,BUILD A BEAR WORKSHOP INC COMMON STOCK USD.01,Buy,84.0,0.0
2026-10-05,AVUV,CFFI,C + F FINANCIAL CORP COMMON STOCK USD1.0,Buy,84.0,0.0
2026-10-05,AVUV,COOK,TRAEGER INC COMMON STOCK,Buy,84.0,0.0
2026-10-05,AVUV,WABC,WESTAMERICA BANCORPORATION COMMON STOCK,Buy,84.0,0.0
2026-10-05,AVUV,CACC,CREDIT ACCEPTANCE CORP COMMON STOCK USD.01,Buy,77.0,0.0
2026-10-05,AVUV,PEBK,PEOPLES BANCORP OF NC COMMON STOCK,Buy,77.0,0.0
2026-10-05,AVUV,THFF,FIRST FINANCIAL CORP COMMON STOCK,Buy,77.0,0.0
2026-10-05,AVUV,TISI,TEAM INC COMMON STOCK USD.3,Buy,77.0,0.0
2026-10-05,AVUV,FRAF,FRANKLIN FINANCIAL SERVICES COMMON STOCK USD1.0,Buy,70.0,0.0
2026-10-05,AVUV,RICK,RCI HOSPITALITY HOLDINGS INC COMMON STOCK USD.01,Buy,70.0,0.0
2026-10-05,AVUV,RRBI,RED RIVER BANCSHARES INC COMMON STOCK,Buy,70.0,0.0
2026-10-05,AVUV,FBIZ,FIRST BUSINESS FINANCIAL SER COMMON STOCK USD.01,Buy,63.0,0.0
2026-10-05,AVUV,PXED,PHOENIX EDUCATION PARTNERS I COMMON STOCK USD.01,Buy,63.0,0.0
2026-10-05,AVUV,UNTY,UNITY BANCORP INC COMMON STOCK,Buy,63.0,0.0
2026-10-05,AVUV,HBCP,HOME BANCORP INC COMMON STOCK USD.01,Buy,56.0,0.0
2026-10-05,AVUV,HOV,HOVNANIAN ENTERPRISES A COMMON STOCK USD.01,Buy,56.0,-0.01
2026-10-05,AVUV,SMBC,SOUTHERN MISSOURI BANCORP COMMON STOCK USD.01,Buy,56.0,0.0
2026-10-05,AVUV,MCRI,MONARCH CASINO + RESORT INC COMMON STOCK USD.01,Buy,49.0,0.0
2026-10-05,AVUV,NBN,NORTHEAST BANK COMMON STOCK USD1.0,Buy,42.0,-0.01
2026-10-05,AVUV,GSBC,GREAT SOUTHERN BANCORP INC COMMON STOCK USD.01,Buy,35.0,0.0
2026-10-05,AVUV,HIFS,HINGHAM INSTITUTION FOR SVGS COMMON STOCK USD1.0,Buy,35.0,0.0
2026-10-05,AVUV,RM,REGIONAL MANAGEMENT CORP COMMON STOCK USD.1,Buy,35.0,0.0
2026-10-05,AVUV,STRT,STRATTEC SECURITY CORP COMMON STOCK USD.01,Buy,35.0,0.0
2026-10-05,AVUV,ITIC,INVESTORS TITLE CO COMMON STOCK,Buy,28.0,0.0
2026-10-05,AVUV,WTM,WHITE MOUNTAINS INSURANCE GP COMMON STOCK USD1.0,Buy,21.0,0.0
2026-10-05,AVUV,RBCAA,REPUBLIC BANCORP INC CLASS A COMMON STOCK,Buy,7.0,0.0
2026-10-05,AVUV,NVRI,ENVIRI CORP COMMON STOCK USD.00001,New Position,2303.0,0.0
2026-10-05,AVUV,EGAN,EGAIN CORP COMMON STOCK USD.001,New Position,735.0,0.0
2026-10-05,AVUV,JMSB,JOHN MARSHALL BANCORP INC COMMON STOCK,New Position,504.0,0.0
2026-10-05,AVUV,FRBT,FORBRIGHT INC  A COMMON STOCK USD.001,New Position,231.0,0.0
2026-10-05,AVUV,STKS,ONE GROUP HOSPITALITY INC/TH COMMON STOCK USD.0001,Sell,-315.0,0.0
2026-10-05,AVUV,LNTH,LANTHEUS HOLDINGS INC COMMON STOCK USD.01,Sell,-24173.0,-0.01
2026-10-06,BLOK,CASH&OTHER,Cash & Other,Buy,161389.0,0.02
2026-10-06,BLOK,AGPXX,Invesco Government & Agency Portfolio 12/31/2031,Sell,-170260.0,-0.03
